[
    {
        "image_name": "16.png",
        "product_id": "Not Available",
        "title": "Not Available",
        "rating": "Not Available",
        "price": "Not Available",
        "description": "See back of receipt for your chance\r\nto win $1000\r\n11) if: 7L'2T9W,h425F\r\na mar\r\nSave money. Live better.\r\n701 ) 223 - 3066\r\nMANAGER TIM MORRIS\r\n2711 ROCK ISLAND PL\r\nBISMARCK ND 58504\r\n01534 009048 48 04455\r\n6 WING P1 ATE 020108810398\u20140 98 p\r\n063099656595\u00c4@1.88 X\r\nASST 27\r\n12.88\r\nSUBTOTAL\r\nTAXI 6.500 x\r\nTAX a 7.500 X\r\nDEBIT TEND\r\nCHANGE DIE\r\n21.74\r\n1.15\r\n0.30\r\n23.19\r\n0.00\r\nEFI DEBIT\r\nPAY FROM PRIMARY\r\n23.19 TOTAL PIRCHASE\r\nUS DEBIT\r\nxxxx 2696\r\nREF # 731700494718\r\nNETWORK ID. 0081 APPR CODE 936886\r\nIJS DEBIT\r\nAID A0000000980840\r\nTC 58B77239DA5B3B44\r\nSIGNATURE REQUIRED\r\nTERMINAL # scoli090\r\n# ITEMS SOLD 3\r\n2188 7274 6444 1567 3762\r\n10\r\nLow Prices You Can Trust. Every Day.\r\n11/13/17\r\n12:34:11\r\nStore receipts on your phone. Walmart P\r\nay.",
        "category": "Uncategorized",
        "error": null
    },
    {
        "image_name": "5.png",
        "product_id": "Not Available",
        "title": "Not Available",
        "rating": "Not Available",
        "price": "Not Available",
        "description": "No text found.",
        "category": "Uncategorized",
        "error": null
    },
    {
        "image_name": "9.png",
        "product_id": "Not Available",
        "title": "Not Available",
        "rating": "Not Available",
        "price": "Not Available",
        "description": "CHICKEN\r\n\u00f6\u00f6R\u00c5\r\nEYE RNIJ\r\nEYE RND\r\nLWIN\r\nanvil 'o. 75137\r\nstore \"0124\r\nCashier :\r\n\u00af 26Bq0i\u00c4X-_\r\nl.\r\n121.92\r\n70560b ,\r\na 5n167AO\u00dcClOCj '5.48 V:\r\n3hia7A00\u00fc00 _\r\n7148200000\r\nRhomannnnn\r\nnon\r\nBAR S YEAT FRH\r\n,'uu0i\r\nHAM\r\n29 .84\r\nINDRBRD BR 3737101318\r\nORFF DELUXE MAC 2100065bbb\r\n2 c 1.82\r\n9800037435\r\nEGGO WAFFLE\r\nBARS 'a.qm04120\r\nOATMEAL CRM 5490004101\r\nINKS MILD\r\n7499550.3660\r\nKEEB TOWNHOUSE 3010010055\r\nTURKEY FRANK 4222281210\r\n0M SPAG SAUCE 2400052363\r\nHUNTS MANWICH 2700044212\r\n2 w .82\r\n0M PNAPL CHNKY 24000001\r\nWT 7055200115\r\nWINCO HOMO MILK 7055240600\r\nEGGS\r\n7003837280\r\nSUBTOTAL\r\nTOTAL TAX\r\nTOTAL\r\n5.98 F\r\n.25 FS\r\n1\r\n5\r\n1.\r\n64 FS\r\n2.4b FS\r\n1.37 FS\r\n.00\r\n121.92",
        "category": "Uncategorized",
        "error": null
    },
    {
        "image_name": "6.png",
        "product_id": "Not Available",
        "title": "Not Available",
        "rating": "Not Available",
        "price": "Not Available",
        "description": "No text found.",
        "category": "Uncategorized",
        "error": null
    },
    {
        "image_name": "3.png",
        "product_id": "Not Available",
        "title": "Not Available",
        "rating": "Not Available",
        "price": "Not Available",
        "description": "See back Of receipt For your chance\r\nto $1000 ID t:7N5NIVIXCQDQ\r\nWalmart\r\nHyr'UAHIE BROOKSHIRE\r\n882 S, STATE ROAD 135\r\nGREENUOOD IN 46143\r\nSTC 05483 npg n9 TR' 06976\r\n2.96 c\r\nfiR\u00dciFROVjnr.\r\n2.58 u\r\n>NHCK BARR -\r\n4.95\r\nCL CHS niiii\u00e4\u00e4\u00fci\u00f6\u00f6 \u00c9\r\nb .88 u\r\nCHS \u00f6\u00f6i1\u00e4\u00f6\u00c9\u00fc\u00f6\u00f6b F\r\nVOIDED\r\nHRI CL CHS F\r\n5.6B L\r\nCL PEP F\r\nE.gg u\r\n\u00b1RRBUDS\r\n13100946\r\nSC BCN CHODR 007874202906 F\r\n6.9B C\r\nTHINBRST 022461710972 F\r\n9.rz\r\nHRRD/PROV/nc 007874219410 F\r\n2.680\r\nAPPLE 3 BAG 084747300184 F\r\nSTOK LT suT 004127102774 F\r\nPEANUT 005160026499 F\r\navo VERDE\r\n061611206143 F 2.9b N\r\nROLLS\r\n007874219415 F\r\n1.2B c\r\nBTS DRY BLON 501072452746\r\n6.58\r\n000000000003K\r\n32.00\r\nrR FRHA 002240062190\r\n2.74 Y\r\n3RGELS\r\n001376402801 F\r\n4.56\r\nGV SLIDERS 007874201626\r\n2.98\r\nACCESSORY\r\n007615161216\r\n0.97\r\nEE2E IT\r\n002410053523 F\r\n4.000\r\nuns 4.64 you SAVED 0.64\r\nITZ\r\n004400088210 F\r\n2.78\r\nUFFLES\r\n002840020942 F\r\n2.50\r\nWHNY GRHS 007874207283 F\r\nSUBTOTRL\r\n7.000 X\r\n4, 68\r\n44.02\r\nCASH TEND\r\n150.02\r\nCHRNGE DUE\r\n6.00\r\nITEMS SOLD 26\r\nTCt 0783 5080 4072 3416 2495 6\r\nScan with Walmart app to save reeelp\u00b1s",
        "category": "Uncategorized",
        "error": null
    },
    {
        "image_name": "18.png",
        "product_id": "Not Available",
        "title": "Not Available",
        "rating": "Not Available",
        "price": "Not Available",
        "description": "No text found.",
        "category": "Uncategorized",
        "error": null
    },
    {
        "image_name": "11.png",
        "product_id": "Not Available",
        "title": "Not Available",
        "rating": "Not Available",
        "price": "Not Available",
        "description": "WH L\r\nFOODS\r\nSHARON RD.\r\n$2 off uC Fill\r\nlb @ 1 99 / lb\r\nNHP SLICED OVEN RO\r\nNHP SLICED HICKORY\r\nlb @ 1 99 ,'lb\r\nGAL fi APPLES OG\r\nTAX\r\n. 93\r\nBAL\r\n2.00-\r\nTARE .01\r\nITEM\r\n399 B\r\n389 B\r\n01\r\nTARE =\r\nITEM - 94136\r\n45 . 44",
        "category": "Uncategorized",
        "error": null
    },
    {
        "image_name": "7.png",
        "product_id": "Not Available",
        "title": "Not Available",
        "rating": "Not Available",
        "price": "Not Available",
        "description": "See back of receipt for your chance\r\nto win $1000\r\n11) if: 7L'2T9W,h425F\r\na mar\r\nSave money. Live better.\r\n( 701 ) 223 - 3066\r\nMANAGER TIM MORRIS\r\n2711 ROCK ISLAND PL\r\nBISMARCK ND 58504\r\n01534 009048 48 04455\r\n6 WING PLATE 020108810398\r\n063099656595\r\nASST 21\r\nSUBTOTAL\r\nTAXI 6.500 x\r\nTAX a 7.500 X\r\nDEBIT TEND\r\nCHANGE DIE\r\n.98\r\n4.88\r\n.88\r\n21.74\r\n1.15\r\n0.30\r\n23.19\r\n0.00\r\nEFI DEBIT\r\nPAY FROM PRIMARY\r\n23.19 TOTAL PIRCHASE\r\nUS DEBIT\r\nxxxx 2696\r\nREF # 731700494718\r\nNETWORK ID. 0081 APPR CODE 936886\r\nIJS DEBIT\r\nAID A0000000980840\r\nTC 58B77239DA5B3B44\r\nSIGNATURE REQUIRED\r\nTERMINAL # scoli090\r\n11/13/17\r\n# ITEMS SOLD 3\r\n2188 7274 6444 1567 3762\r\n10\r\nLow Prices You Can Trust. Every Day.\r\nStore receipts on your phone. Walmart P\r\nay.",
        "category": "Uncategorized",
        "error": null
    },
    {
        "image_name": "2.png",
        "product_id": "Not Available",
        "title": "Not Available",
        "rating": "Not Available",
        "price": "Not Available",
        "description": "Give us feedback g survey.walmart.com\r\nTha\u2022-k you! ID\r\nWalmart\r\n949-498-6669 Mw\u2022.MICHAEL\r\n951 AVENIDA PICO\r\nSAN CLEWNTE CA 92673\r\n02527 009045 TEN 45 TRY 06193\r\nOAkAL\r\n007874243408 F\r\n2002\r\n0819368m115\r\nATHLETICS\r\n019104567781\r\nDEXAS 15X20\r\n008429710921\r\nSUBTOTAL\r\nTAXI 7.750 X\r\nEFT DEBIT\r\n1.760\r\n6.74 x\r\n12.97\r\n46.44\r\n3.46\r\nDEBIT TE-'0 49.90\r\nCHANGE DUE\r\n0.00\r\nPAY FROM PRIMARY\r\n49.90 TOTAL PURCHASE\r\nUS DEBIT\r\nREF # 029200639128\r\nNETWORK ID. 0056 APPR CODE 461500\r\nUS DEBIT\r\nAID A00000009B0840\r\nAAC 7756F4EB82B54EED\r\nTERMINAL # scoli004\r\n10/18/20\r\n# ITEMS SOLD 4\r\n2400 4776 4305 8847 1471\r\nIntroducing Walmart+\r\nJoin today al walmerl.com/plus\r\nLow Prices You Can Trust. Every Day.\r\nto,'18/20",
        "category": "Uncategorized",
        "error": null
    },
    {
        "image_name": "0.png",
        "product_id": "Not Available",
        "title": "Not Available",
        "rating": "Not Available",
        "price": "Not Available",
        "description": "WAL*MART3\r\nALWAYS LOW PRICES.\r\nSUPERCENTER\r\nOPEN 24 HOURS\r\nMANAGER . TBA\r\n( 515 ) 986 - 1783\r\n5748 00000158 14 03178\r\n000000004011KF\r\nBANANAS\r\n0.41 1b 9 1 lb /0.49\r\nFRAP\r\n001200010451 F\r\nDISCOUNT GIVEN\r\nSUBTOTAL\r\nIOTAL\r\nCASH TEND\r\nCHANGE DUE\r\n0.20 N\r\n5.48 N\r\n0.57\r\n5.11\r\n5.11\r\n11.00\r\n5.89\r\n# ITEMS SOLD 2\r\n5679 8348 6485 7828 2003\r\nTHANK you FOR SHOPPING WITH US\r\nNATHANIEL BUSH\r\nShop at Wal mart & Get\r\nYour Back to School List for Less.\r\n08/20/10\r\n13: 12 : 01",
        "category": "Uncategorized",
        "error": null
    },
    {
        "image_name": "13.png",
        "product_id": "Not Available",
        "title": "Not Available",
        "rating": "Not Available",
        "price": "Not Available",
        "description": "Walmart\r\nSave money. Live better.\r\n- 0:'62\r\nHICHALI\r\nACIIVAIION\r\nAPI'R. COW -\r\nREY\r\nBeg 1301\r\n0.00\r\n19: 19:j1\r\n023)/\r\nLow\r\n60.00\r\n50.00\r\nend Bal\r\n1992",
        "category": "Uncategorized",
        "error": null
    },
    {
        "image_name": "8.png",
        "product_id": "Not Available",
        "title": "Not Available",
        "rating": "Not Available",
        "price": "Not Available",
        "description": "16375 N. washington St.\r\nThornton, CO 80023\r\n2X Member 111826278335\r\n- 673919 FFBS BREAST\r\n633561 ks DICED TOh\r\n_ 967596 UACKORGSALSR\r\n29\r\n878137 18CT EGGS\r\n177053 GRAPE\r\n404609 ECO HALF PAN\r\n55992 GRND TURKEY\r\n263423 CHPD ONION\r\n22101 MONT JACK 2t\r\nSUBTOTAL\r\nTAX\r\nYY@TOTAL\r\nCheck/Member Prntd\r\nCHANGE\r\nR 8.50% TAX\r\nE 3.75% TRX\r\nTOTAL TAX\r\nTOTAL NUMBER OF ITEMS SOLD -\r\n$.49 -e\r\n2.97&\r\n12.87\r\n6.29 E\r\n6.49\r\n_ 18.47 E\r\n3.59 E\r\n4.45 E\r\n85.61\r\n3.52\r\n89.13\r\n0.00\r\n2.97\r\n3.52\r\n11\r\n15:00 629 4 172 14\r\nopt: 14 Name: PEPPER\r\nThank You !\r\nPlease Come fi9ain\r\nTrm:f Trn:172 op:14",
        "category": "Uncategorized",
        "error": null
    },
    {
        "image_name": "1.png",
        "product_id": "Not Available",
        "title": "Not Available",
        "rating": "Not Available",
        "price": "Not Available",
        "description": "No text found.",
        "category": "Uncategorized",
        "error": null
    },
    {
        "image_name": "4.png",
        "product_id": "Not Available",
        "title": "Not Available",
        "rating": "Not Available",
        "price": "Not Available",
        "description": "Walmart\r\nSave money. Live better.\r\nc 712 ) 366 - 3326\r\nNANRGER DONALD MONEYMAKER\r\n3201 CENTRE OR\r\nCOUNCIL BLUFFS IA SISOI\r\nST' 01966 002031 TES 20 TRS 061\r\nFGHTR 063050940732\r\nSUBTOTAL 6'.94\r\nTMI 7.000 x\r\nEFT DEBIT\r\nPAY FROH PRIHRRY\r\n7.43 TOTAL PURCHASE\r\nRCCmNT\r\nREF 634200381766\r\nNETUORK ID. 0056 PPR CODE 087193\r\nTERMINAL\r\n12/08/15\r\n# ITEMS SOLD 1\r\n3261 4114 0323 3051 6498\r\nNE' STORE HOURS\r\nto I dni t 7 \u2022 seek.\r\nSavin\" Catct\u2022rl Scan 'ith",
        "category": "Uncategorized",
        "error": null
    },
    {
        "image_name": "10.png",
        "product_id": "Not Available",
        "title": "Not Available",
        "rating": "Not Available",
        "price": "Not Available",
        "description": "No text found.",
        "category": "Uncategorized",
        "error": null
    },
    {
        "image_name": "14.png",
        "product_id": "Not Available",
        "title": "Not Available",
        "rating": "Not Available",
        "price": "Not Available",
        "description": "No text found.",
        "category": "Uncategorized",
        "error": null
    },
    {
        "image_name": "12.png",
        "product_id": "Not Available",
        "title": "Not Available",
        "rating": "Not Available",
        "price": "Not Available",
        "description": "WAL*MART\r\nSave money. Live better.\r\nWE SELL FOR LESS\r\nRLWAYS\r\nMANAGER DAPHNE SESSION\r\n636 ) 536 - 4601\r\nCHESTERFIELD, HO 63005\r\n2600 opt 00001 TE-t 17 TRt 03359\r\nSu FIGURES\r\n065356920144\r\nrooTHBRUSH 003500055500\r\nSUBTOTAL\r\n'OMEN SLIPPE 009725614730\r\nSUBTOTAL\r\n3.'r00X\r\nTAX 1\r\nTAX 3 4.350 X\r\nTOTAL\r\nHCRRD TEND\r\nACCOUNT #3546\r\nAPPROVAL '007190\r\nTRANS ID -\r\nVALIDATION -\r\nPAYMENT SERVICE -\r\nCHRNGE DUE\r\n6.63 x\r\n0.96\r\n7.59\r\n9.86 x\r\n17 .\r\no'. 76\r\n18.75\r\n0.00\r\n# ITEMS SOLD 3\r\nTCt 9489 7094 6487 3073 3651\r\nWel-M\u2022rt exclusive Eagles CD\r\n\u2022velleble October 30th!\r\n10/20/07\r\n\"INCUSTOMER",
        "category": "Uncategorized",
        "error": null
    },
    {
        "image_name": "19.png",
        "product_id": "Not Available",
        "title": "Not Available",
        "rating": "Not Available",
        "price": "Not Available",
        "description": "Gi ve us\r\nyou! ID g:\r\nWalmart\r\n863-676-9425 :EIRIEL\r\n2000 STATE ROAD 60 E\r\nLAKE WALES FL 33898\r\n00859 009026 26 02422\r\nCOVER 471288396027\r\nFIBER 036926600094\r\nCELERY 003336365301 F\r\nRED GRAPE 0000004\u00fcZ3KF\r\n2.51 lb g 1 lb /1.44\r\nAL\r\nTAX 1 T.ooo x\r\nTOTAL\r\nSHOPPING cm\r\nCHAP\u00c6\r\n14.97\r\n2.48 N\r\n3.61 N\r\n34.00\r\n1.05\r\n$.05\r\n35.05\r\n0.00\r\nSHOP. CARD REDEMPTICN\r\n35.05\r\nTran Amt End Bal\r\nBeg Bal\r\n35.05\r\n122.24\r\n157.29\r\n# ITEMS SOLD 4\r\n6949 6652 6669 8007 1705\r\nLow Prices rust. Every Day.\r\n10/16/21",
        "category": "Uncategorized",
        "error": null
    },
    {
        "image_name": "17.png",
        "product_id": "Not Available",
        "title": "Not Available",
        "rating": "Not Available",
        "price": "Not Available",
        "description": "See back of receipt for your chance\r\nto \"In $1000\r\n10\r\n7kZGF1 SL2FF\r\nWalmart\r\nSave money. Live better.\r\n970 ) 259 - 8755\r\nMANAGER MIKE NE-IDLINGER\r\n1166 S CRHINO DEL RIO\r\nDURANGO CO 81303\r\nsra 02270 000144 TEB 02 03080\r\nPRNRNRS\r\n000000004011 KI\r\n1 _ 76 lh 1 lh .10 54\r\nHAND CLEANER 004125100005\r\nINJECTR CLNR 00498071 0003\r\nBEVERAGE\r\nOS CRRN POH\r\nSTRUBRY cr.\r\nCAMPARI\r\n(FT SINGLES\r\n446009821 14\r\nHARD SALAHI\r\nqvocaoo\r\n0031 200021 33\r\n003120027015 F\r\nrwzzoo\r\n073447501213 1\r\n002100061526 F\r\n00445009821 1\r\n020533960343 F\r\n000000004046KI\r\n4 AT 1\r\n0.44\r\nPILLS\r\n068113113619 F\r\nSH NYLON COL\r\n007417024836\r\nSUBTOTAL\r\n7.900 x\r\nTRX 2\r\n6.000 x\r\nTRX 5\r\n2.900 x\r\nTOTAL\r\ncash TEND\r\nCHANGE DUE\r\nITEMS SOLD 16\r\n2.98\r\n1.76 R\r\n2.97\r\n1.67\r\n1.07\r\n1.14\r\n0.12\r\n40.68\r\n2.00\r\nrct 3041 7466 0669 7962 272\r\n)1/15/17",
        "category": "Uncategorized",
        "error": null
    },
    {
        "image_name": "15.png",
        "product_id": "Not Available",
        "title": "Not Available",
        "rating": "Not Available",
        "price": "Not Available",
        "description": "See back of receipt for your chance\r\n$1000\r\n7JYY2Juc:K3Y\r\nWalmart\r\nSave mon . Live better.\r\n71 ) 799\u2014 0020\r\nHANRGER YVONNE THOMAS\r\n13331 BERCH BLVD\r\nUESTh1NSTER ca 92683\r\nonKQKQ 79 01626\r\n\"06iiiji3iii2H\r\nSUBTOTR\r\nVISA END\r\nAPPROVAL t 222235\r\nREF 620500604401\r\nTRANS ID - 586205139884060\r\nVALIDATION -\r\nPAYMENT SERVICE - E\r\nRID R0000000031010\r\nTC 9EOFRC9R809EED92\r\nTERHINRL\r\nENO SIGNRTURE REQUIRED\r\n07/22/16\r\n12.\u00e48\r\n12.53\r\n12.se\r\n- 12.68\r\n0.00\r\nCHANGE DUE\r\n# ITEMS SOLD 1\r\n7603 0129 1089 7649 4115\r\nLou Prices You Can Trust. Evers Day,\r\n07/22/16.0 : 538M\r\n\"ECUSTOHER\r\nssav\r\nIngs Catcher! Scan with Uelmart app",
        "category": "Uncategorized",
        "error": null
    },
    {
        "image_name": "9.jpg",
        "product_id": "Not Available",
        "title": "Not Available",
        "rating": "Not Available",
        "price": "Not Available",
        "description": "Cashier :\r\n09/08/14\r\nBLEND\r\nCHICKEN\r\nLN GRN\u00df B 20167400000\r\nPOR* LOIN CO 20337400000\r\n26841800000\r\nEYE RND FP 20148200000\r\nEYE RND FP 20148200000\r\nBEEF FOR STEW 20254300000\r\nPORK 1/2 LOIN 20323300000\r\nb/BEST S STEAK 4497921020\r\nBAR S YEAT FRtd 1590013401\r\n4470001903\r\nHAM\r\nWINCO NOODLES 7055280303\r\n29 .84\r\nINDRBRD CHIK BR 3737101318\r\nKRFT DELUXE MAC 2100065886\r\n2 C I.d2\r\n3800037435\r\nEGGO WAFFLE\r\n1/0 NUTTY BARS 2430004120\r\nLiD OATMEAL CRM 2430004101\r\nLINKS MILD\r\n74295503660\r\nKEEB TOWNHOUSE 3010010055\r\nTURKEY FRANK 4222281210\r\nRESERS POT SLD 7111719300\r\nDM SPAG SAUCE 2400052363\r\nHUNTS MANWICH 2700044212\r\n2B .82\r\nLVinCo\r\nanvil 'o. 75137\r\nstore \"0124\r\n121.92\r\n121.92\r\n5.4B Fs\r\n10.87 FS\r\n9.91 FS\r\n5.32 FS\r\n8.39 FS\r\n8.12 FS\r\n-88 Fs\r\na.ss Fs\r\n5.98 FS\r\n3.64 FS\r\n1.96 FS\r\n1.25 FS\r\n1.25 FS\r\n5.78 FS\r\n1.98 FS\r\n.88 FS\r\n.98 FS\r\n.71 FS\r\n1.64 FS\r\n0M PNAPL CHNKY 24000@Qi64.e.z..\u00df\u00fc-96--Es\r\n7763306333\r\nWINCO SNDWCH WT 7055200115\r\nWINCO HOMO MILK 7055240600\r\nEGGS\r\n7003837280\r\nSUBTOTAL\r\nTOTAL TAX\r\nTOTAL\r\n1.98 FS\r\n.91 FS\r\n2.48 FS\r\n1.37 FS\r\n.00",
        "category": "Uncategorized",
        "error": null
    },
    {
        "image_name": "7.jpg",
        "product_id": "Not Available",
        "title": "Not Available",
        "rating": "Not Available",
        "price": "Not Available",
        "description": "See back of receipt for your chance\r\nto win $1000\r\n11) if: 7L'2T9W,h425F\r\nWalmart\r\nSave money. Live better.\r\n701 ) 223 - 3066\r\nMANAGER TIM MORRIS\r\n2711 ROCK ISLAND PL\r\nBISMARCK ND 58504\r\n01534 ()P\u00df 009048 48 04455\r\nASST 21\r\nCUTIE CAR\r\nEFI DEBIT\r\n6 WING PLATE 020108810398\r\n21.74\r\n23.19\r\n23.19\r\n063099656595\r\n063099656644\r\nSUBTOTAL\r\nTAXI 6.500 x\r\nTAX 4 7.500 X\r\nTOTAL\r\nDEBIT TEND\r\nCHANGE DIE\r\nPAY FROM PRIMARY\r\n3.98 P\r\n4.88 x\r\n12.88 x\r\n1.15\r\n0.30\r\n0.00\r\n10\r\n23.19 TOTAL PIRCHASE\r\nUS DEBIT\r\nxxxx 2696\r\nREF # 731700494718\r\nNETWORK ID. 0081 APPR CODE 936886\r\nIJS DEBIT\r\nAID A0000000980840\r\nTC 58B77239DA5B3B44\r\nSIGNATURE REQUIRED\r\nTERMINAL # scoli090\r\n11/13/17\r\n# ITEMS SOLD 3\r\n2188 7274 6444 1567 3762\r\nLow Prices You Can Trust. Every Day.\r\n11/13/17\r\n12:34:11\r\nStore receipts on your phone. Walmart P\r\nay.",
        "category": "Uncategorized",
        "error": null
    },
    {
        "image_name": "3.jpg",
        "product_id": "Not Available",
        "title": "Not Available",
        "rating": "Not Available",
        "price": "Not Available",
        "description": "See back Of receipt For your chance\r\nto $1000 ID t:7N5NIVIXCQDQ\r\nWalmart\r\nHyr'UAHIE BROOKSHIRE\r\n882 S, STATE ROAD 135\r\nGREENUOOD IN 46143\r\nST' 05483 opt 001436 TEa 09 TRS 06976\r\nTOTS 001312000026 F\r\nHRRD/PROV/DC 007874219410 F\r\nSNACK BARS F\r\nHRI CL CHS 003120606000 F\r\nHRI CL CHS 003120606000 F\r\nVOIDED ENTRY\r\nHRI CL CHS 003120606000 F\r\nHRI 12 u SG 003120535000 F\r\nHRI CL PEP 003120607000 F\r\nERRBUDS\r\n068113100946\r\nSC BCN 007874202906 F\r\nRBF THINBRST 022461710972 F\r\nHARD/PROV/DC 007874219410 F\r\nAPPLE 3 BAG 084747300184 F\r\nSTOK LT SET 004127102774 F\r\nPEANUT 005160026499 F\r\nRVO VERDE\r\n061611206143 F\r\nROLLS\r\n007874219415 F\r\nBTS DRY BLON 501072452746\r\nGALE\r\n000000000003K\r\nTR HS FRH4 002240062190\r\nBRGELS\r\n001376402801 F\r\nGV SLIDERS 007874201626\r\nACCESSORY\r\n007615161216\r\nCHE-EZE IT\r\n002410053523 F\r\nuns 4.54 you SAVED 0.64\r\nRITZ\r\n004400088210 F\r\nRUFFLES\r\n002840020942 F\r\nGV HNY GRYS 007874207253 F\r\nSUBTOTRL\r\n7.000 X\r\nTOTAL\r\nCASH TEND\r\nCHRNGE DUE\r\nITEMS SOLD 26\r\n2.96 0\r\n2.68 0\r\n4.98 T\r\n6.88 0\r\n6.88 0\r\n5, 88-a\r\n5.88 0\r\n6.88 0\r\n4.88 x\r\n6.98 0\r\n9.720\r\n2.68 0\r\n6.94 X\r\n47 N\r\n44 0\r\n.98 N\r\n.28\r\n6.58 x\r\n32.\r\n2.74 x\r\n4.56 0\r\n2.98 x\r\n0.97 x\r\n4.000\r\n2.78 N\r\n2.50 N\r\n1.28 N\r\n139.\"\r\n4, 68\r\n02\r\n150.02\r\n6.00\r\nTCt 0783 5080 4072 3416 2495 6\r\n04/27/19\r\nScan with Walmart app to save reeelp\u00b1s",
        "category": "Uncategorized",
        "error": null
    },
    {
        "image_name": "11.jpg",
        "product_id": "Not Available",
        "title": "Not Available",
        "rating": "Not Available",
        "price": "Not Available",
        "description": "WHOLE\r\nFOODS\r\nSHARON RD.\r\nPL TORTILLA\u2022s\r\nCAGE FREE ALL UHIT\r\nBLACK BEANS\r\nFrozen 160\r\nWhole Strauberries\r\nOG LF COTTAGE CHEE\r\nHRHI HAHI FILLETS\r\n$2 off (1) uC Fill\r\nCal if ornia Harvest\r\n6\r\n2\r\n2\r\n.99\r\n3.69\r\n1.29\r\n.99\r\n.99 B\r\nlb @ 1 99 / lb\r\nPLUMS BLACK CV\r\nTARE\r\nITEM\r\n3.49 B\r\n8.99 B\r\n2.00-\r\n2.69 B\r\n.01\r\n2.16 B\r\n399 B\r\nNHP\r\nNHP\r\nTAX\r\nSLICED OVEN RO\r\nSLICED HICKORY\r\n99 / lb\r\nGAL fi APPLES OG\r\n. 93\r\nBAL\r\n389 B\r\n01\r\nTARE =\r\nITEM - 94136\r\n45 . 44",
        "category": "Uncategorized",
        "error": null
    },
    {
        "image_name": "10.jpg",
        "product_id": "Not Available",
        "title": "Not Available",
        "rating": "Not Available",
        "price": "Not Available",
        "description": "S pAR O\r\nTel : 036-4481240\r\n. bergsparutelkomsa .net\r\nemail\r\nVAT No : 4450102696\r\nREG NO: 032577\r\nLAZENdY NORCESIER SAUCE 125ML\r\nMILKY BAR\r\nSMOKED VIFNNAS\r\nPEALED PEACHES\r\nMEDITERRANEAN MIX\r\nSPAR COOKING OIL\r\nF/L ENGLISH CUCUMB\r\nNESTLE AERO\r\nCADBURY DAIRY Yl\r\nGRAPES MIXED\r\nTASTIC RICE\r\nBLACK CAT SMOOTH\r\nCARRIER BAG 241\r\nBANANAS LOOSE\r\n80GR\r\n500GR\r\n400G\r\nIKG\r\n375YL\r\nvs\r\n85GR\r\nBOGR\r\nTUB\r\nSOOGR\r\n270GR\r\nI'S\r\n17KG\r\n0.596kg g\r\n15.99 R /kg\r\nTOTAL FOR 14 ITEMS\r\nTENDERED Nedbank\r\nTAX INVOICE -\r\nVAT rate\r\n0.00%\r\n15 .oox\r\nexcl .\r\n119.48\r\n190.16\r\nTAX\r\n0.00\r\n28.52\r\n16.99 A\r\n33.99 A\r\n82.99 A\r\n44.99 *\r\n14.99 *\r\n12.99 *\r\n20.99 A\r\n16.99 A\r\n24.99 *\r\n11.\r\n27\r\n9.\r\n338.16\r\n338.16\r\nincl.\r\n119.48 *\r\n218.68 A\r\nSLIP / TILL / CASHIER / DATE / TIME\r\n101\r\n3780\r\n005\r\n23.02.21 16:17\r\nCASHIER NAME: SWAZI\r\nPlease Retain Slip\r\nThank You For Shopping With Us!\r\nFol us on Facebook: -spar Bergville",
        "category": "Uncategorized",
        "error": null
    },
    {
        "image_name": "5.jpg",
        "product_id": "Not Available",
        "title": "Not Available",
        "rating": "Not Available",
        "price": "Not Available",
        "description": "No text found.",
        "category": "Uncategorized",
        "error": null
    },
    {
        "image_name": "4.jpg",
        "product_id": "Not Available",
        "title": "Not Available",
        "rating": "Not Available",
        "price": "Not Available",
        "description": "Walmart\r\nSave money. Live better.\r\nc 712 ) 366 - 3326\r\nNANRGER DONALD MONEYMAKER\r\n3201 CENTRE OR\r\nCOUNCIL BLUFFS IA SISOI\r\nST' 01966 opt 002031 TES 20 TR' 06145\r\nsu no FGHTR 063060940732\r\n6.94 T\r\nSUBTOTAL\r\n6.94\r\nTMI 7.000 x\r\nEFT DEBIT\r\nPAY FROH PRIHRRY\r\n7.43 TOTAL PURCHASE\r\nRCCmNT\r\nREF 634200381766\r\nNETUORK ID. 0056 PPR CODE 087193\r\nTERMINAL\r\n12/08/15\r\n# ITEMS SOLD 1\r\n3261 4114 0323 3051 6498\r\nNE' STORE HOURS\r\n6\" to 7 \u2022 seek.\r\n12/08/16\r\nSavin\" Catct\u2022rl Scan \"ith",
        "category": "Uncategorized",
        "error": null
    },
    {
        "image_name": "6.JPG",
        "product_id": "Not Available",
        "title": "Cashier",
        "rating": "Not Available",
        "price": "Not Available",
        "description": "MOMI & TOY'S\r\nC R \u00c9PERIE\r\nLi PPO Mall Kemang, L\r\nKemang VI No- 6\r\nmomi an toys\u2014i nd ( i nst\r\n@ i ndmomi (twi tter)\r\nCheck : 3850\r\nPax:l\r\nOP : Gunawan\r\nGunawan\r\nPOS Title: Cashier\r\n1 Woman\r\n2 Ham Cheese\r\n1 Ice Java Tea\r\n1 Mineral Water\r\n1 Black & White\r\nSUBTOTAL\r\nTOTAL\r\nCASH\r\nChange\r\n26/01/2015 16: 13\r\n74, 000\r\n16, ooo\r\n13, ooo\r\n72, ooo\r\n175, ooo\r\n175, ooo\r\n200, ooo\r\n25, ooo\r\nClosed Bill\r\n26/01/2015 16: 14----------->\r\nThank you for tasting\r\nour \"Meltingly Crepe\"",
        "category": "Uncategorized",
        "error": null
    },
    {
        "image_name": "16.jpg",
        "product_id": "Not Available",
        "title": "Not Available",
        "rating": "Not Available",
        "price": "Not Available",
        "description": "See back of receipt for your chance\r\nto win $1000\r\n11) if: 7L'2T9W,h425F\r\nWalmart\r\nSave money. Live better.\r\n701 ) 223 - 3066\r\nMANAGER TIM MORRIS\r\n2711 ROCK ISLAND PL\r\nBISMARCK ND 58504\r\n01534 ()P\u00df 009048 48 04455\r\nASST 21\r\nCUTIE CAR\r\nEFI DEBIT\r\n6 WING PLATE 020108810398\r\n21.74\r\n23.19\r\n23.19\r\n063099656595\r\n063099656644\r\nSUBTOTAL\r\nTAXI 6.500 x\r\nTAX 4 7.500 X\r\nTOTAL\r\nDEBIT TEND\r\nCHANGE DIE\r\nPAY FROM PRIMARY\r\n3.98 P\r\n4.88 x\r\n12.88 x\r\n1.15\r\n0.30\r\n0.00\r\n10\r\n23.19 TOTAL PIRCHASE\r\nUS DEBIT\r\nxxxx 2696\r\nREF # 731700494718\r\nNETWORK ID. 0081 APPR CODE 936886\r\nIJS DEBIT\r\nAID A0000000980840\r\nTC 58B77239DA5B3B44\r\nSIGNATURE REQUIRED\r\nTERMINAL # scoli090\r\n11/13/17\r\n# ITEMS SOLD 3\r\n2188 7274 6444 1567 3762\r\nLow Prices You Can Trust. Every Day.\r\n11/13/17\r\n12:34:11\r\nStore receipts on your phone. Walmart P\r\nay.",
        "category": "Uncategorized",
        "error": null
    },
    {
        "image_name": "19.jpg",
        "product_id": "Not Available",
        "title": "Not Available",
        "rating": "Not Available",
        "price": "Not Available",
        "description": "Give us feecmack SW vey\u2022walmtrt.com\r\nThank ID\r\nWalmart\r\n863-676-9425 Mfr:EIRIEL\r\n20 STATE ROAD 60 E\r\nLAKE WALES FL 33898\r\n00859 009026 26 02422\r\n\u2022Q\r\nGRILL cova 471288396027\r\nFIBER CHOICE 036926600094\r\nCELERY HEART 003338365301 F\r\nRED GRAPE 0000004023KF\r\n2.51 lb g 11b /1.44\r\nTOTAL\r\nTAX 1 .OOO X\r\nTOTAL\r\nSHOPPING cm\r\nCHAt\u00c6 DIE\r\n14.97 x\r\n12.94 N\r\n2.48 N\r\n3.61 N\r\n34.00\r\n1.05\r\n35.05\r\n35.05\r\n0.00\r\nSHOP.CARD REDEMPTI(N\r\n35.05\r\nBeg Bal\r\n157.29\r\nTran Amt End Bal\r\n35.05\r\n122.24\r\n# ITEMS SO 4\r\n6949 6652 6669 8007 1705\r\nLow Prices You Trust. Every Day.\r\n10/16/21",
        "category": "Uncategorized",
        "error": null
    },
    {
        "image_name": "15.jpg",
        "product_id": "Not Available",
        "title": "Not Available",
        "rating": "Not Available",
        "price": "Not Available",
        "description": "See back of receipt for your chance\r\n$1000\r\n7JYY2Juc:K3Y\r\nWalmart\r\nSave mon . Live better.\r\n71 ) 799\u2014 0020\r\nHANRGER YVONNE THOMAS\r\n13331 BERCH BLVD\r\nUESTh1NSTER ca 92683\r\nST' 02495 opt 006969 79 01626\r\n12.58 N\r\nDIABETES 068113131172H\r\n12.68\r\nSUBTOTRL\r\n12.68\r\nTOTRL\r\n- 12.68\r\nVISA TEND\r\nAPPROVAL t 222235\r\nREF 620500604401\r\nTRANS ID - 586205139884060\r\nVALIDATION - 7SLK\r\nPAYMENT SERVICE - E\r\nRID R0000000031010\r\nTC 9EOFRC9R809EED92\r\nTERHINRL\r\nENO SIGNRTURE REQUIRED\r\n07/22/16\r\n0.00\r\nCHANGE DUE\r\n# ITEMS SOLD 1\r\n7603 0129 1089 7649 4115\r\nLou Prices You Can Trust. Evers Day,\r\n07/22/16\r\n\"ECUSTOHER\r\nIngs Catcher! Scan with Uelmart app",
        "category": "Uncategorized",
        "error": null
    },
    {
        "image_name": "14.jpg",
        "product_id": "Not Available",
        "title": "Not Available",
        "rating": "Not Available",
        "price": "Not Available",
        "description": "No text found.",
        "category": "Uncategorized",
        "error": null
    },
    {
        "image_name": "18.jpg",
        "product_id": "Not Available",
        "title": "Not Available",
        "rating": "Not Available",
        "price": "Not Available",
        "description": "Walmart\r\n\u20220152\r\nSS GARDENS VO\r\nHAVIN Fl\r\n009036 06 05386\r\n0018/4206203 F\r\nGRIAI 00/8/4206203 F\r\nGAIN [ [E 00370007/00/\r\nCV on 00/8/4221000 F\r\nSNICKER FS\r\n000000050533 F\r\nGOBiQ 6Pk 0031100029305 F\r\nMIXED CEK)C F\r\nCIIERRIES F\r\nGAIN\r\n003100082365\r\nHY PM 035497333521H\r\nBATIERIFS\r\n001280051/83\r\nGV 20? MINK 007874219999\r\nCRNBRY SAUCE 003120001605 F\r\nSPREADS\r\n002740026499 F\r\nEGGS 6C1\r\n007d74212709 F\r\nSLBTOI m.\r\nTO[AL\r\nDEBIT TEND\r\nCHANGE\r\n0.98 N\r\n0.9B N\r\n2.84 N\r\n2.84 N\r\n6.97 x\r\n4.94\r\n7.82 N\r\n3.7B X\r\n4.76 x\r\n13.24 x\r\n1.78K\r\n1.97 x\r\n9.97 N\r\n10.97 x\r\n2.97 x\r\n1.5B O\r\n3.460\r\n0.900\r\n82.75\r\n3.60\r\n86.35\r\n86.35\r\n0.00\r\nDE\u00df11\r\nPAY FROM PRIMARY\r\n86.35 IOIAL PURCHASE\r\nREY 13040072587/\r\nNEIWORK ID. 0076 APPR CODE 001740\r\nUS Debi t\r\nAlb\r\nAAC\r\nICRMINAI_ scoll 151\r\n10/31 /21\r\n# SOLD 16\r\n1623 3938 0953 7373\r\nvery Day.\r\nlow You Can rust\r\n10/31/21",
        "category": "Uncategorized",
        "error": null
    },
    {
        "image_name": "12.jpg",
        "product_id": "Not Available",
        "title": "Not Available",
        "rating": "Not Available",
        "price": "Not Available",
        "description": "065356920144\r\nSu FIGURES\r\nTOOTHBRUSH 003500055500\r\nSUBTOTAL\r\nUOMEN SLIPPE 009725614790\r\nSUBTOTAL\r\n3.toox\r\nTAX 1\r\nTRX3 4.350 X\r\nTOTAL\r\nHCRRD TEND\r\nACCOUNT #3546\r\nAPPROVAL '007190\r\nTRANS ID -\r\nVALIDATION -\r\nPAYMENT SERVICE -\r\nCHRNGE DUE\r\nWAL*MART\r\nSave money. Live better.\r\nWE SELL FOR LESS\r\nRLWAYS\r\nMANAGER DAPHNE SESSION\r\n636 ) 536 - 4601\r\nCHESTERFIELD, HO 63005\r\n2600 opt 00001 8SS TES 17 TRt 03359\r\n17 .\r\n18.7S\r\n18.75\r\n6.63 x\r\n0.96 x\r\n7.59\r\n9.86 x\r\n0176\r\n0.00\r\n# ITEMS SOLD 3\r\nTCt 9489 7094 6487 3073 3651\r\nWel-M\u2022rt exclusive Eagles CD\r\n\u2022velleble October 30th!\r\n10/20/07\r\n\"INCUSTOMER",
        "category": "Uncategorized",
        "error": null
    },
    {
        "image_name": "1.jpg",
        "product_id": "Not Available",
        "title": "Not Available",
        "rating": "Not Available",
        "price": "Not Available",
        "description": "TRADER JOE'S\r\n2001 Greenville Ave\r\nDallas TX 75206\r\nStore #403 - (469) 334-0614\r\nOPEN 8:00AM TO 9:OOPM DAILY\r\nR-CARROTS SHREDDED 10 OZ\r\nR-CUCIJMBERS PERSIAN 1 LB\r\nTOMATOES CRUSHED NO SALT\r\nTOMATOES WHOLE NO SALT W/BASIL\r\nORGANIC OLD FASHIONED OATMEAL\r\nMINI-PEARL TOMATOES.\r\nPKG SHREDDED MOZZAREL'LA LITE T\r\nEGGS DOI ORGANIC BROWN.\r\nBEANS GARBANZO\r\nSPROUTED CA STYLE\r\nA-AVOCADOS HASS BAG 4CT\r\nA-APPLE BAG JAZZ 2 LB\r\nA-PEPPER BELL EACH XL RED\r\nGROCERY NON TAXABLE\r\n200.49\r\nBANANAS ORGANIC\r\n3EA\r\n0.29/\"\r\nCREAMY SALTED PEANUT BUTTER\r\nWHL WHI PITA BREAD\r\nGROCERY NON TAXABLE\r\n2 0.69\r\nSUBTOTAL\r\nTOTAL\r\nCASH\r\nCHANGE\r\n1.29\r\n1.99\r\nI .59\r\n1.59\r\n2.69\r\n2.49\r\n3.99\r\n3.79\r\n0.89\r\n2.99\r\n3.99\r\n2.99\r\n0.99\r\n0.98\r\n0.87\r\n2.49\r\n1.69\r\n1.38\r\n$38.68\r\n$38.68\r\n$40.00\r\n$1.32\r\nHig ins, Ryan\r\n06-28-2014 12:34PM 0403 04 134! 4683\r\nTHANK YOU FOR SHOPPING AT\r\nTRADER JOE'S\r\nwww.traderjoes.com",
        "category": "Uncategorized",
        "error": null
    },
    {
        "image_name": "17.jpg",
        "product_id": "Not Available",
        "title": "Not Available",
        "rating": "Not Available",
        "price": "Not Available",
        "description": "-BANANAS\r\n000000004011 KI\r\n1.75 lb e 1 1b\r\n003120002133 F\r\nBEVERRGE\r\nOS CRRN POH 003120027015 F\r\nSTRUBRY CC 076471782200 F\r\nCfiHPRR1 TOH 073447501213 1\r\nKFT SINGLES 002100061526 F\r\n\"500982114 004450098211 F\r\nHARD SALAHI 020533960343 F\r\n0000000040461<1\r\nAVOCADO\r\nRT I FOR\r\n0.44\r\n068113113619 F\r\n00741 7024836\r\nSee back of receipt for your chance\r\nto \"In $1000\r\n10\r\n7kZGF1 SL2FF\r\nWalmart\r\nSave money. Live better.\r\n970 ) 259 - 8755\r\nMANAGER MIKE NE-IDLINGER\r\n1166 S CRHINO DEL RIO\r\nDURANGO CO 81303\r\nsra 02270 000144 TEB 02 03080\r\nHRND CLERNER 0041251 OOOOS\r\nINJECTR CLNR 00498071 0003\r\n36 3S\r\n38.68\r\nPILLS \"HITE\r\nSH NYLON COL\r\nTAX 1\r\nTRX 2\r\nTRX 5\r\nTCt 3041\r\nSUBTOTAL\r\n7.900 x\r\n6.000 x\r\n2.900 x\r\nTOTRL\r\nCASH TEND\r\nCHANGE DUE\r\n2.00 R\r\n00 R\r\n2.\r\no.\r\n96 Y\r\n2.98 R\r\n3.\r\n3.\r\n1.76 R\r\n2.97 x\r\n8.87 x\r\n1.07\r\n1.14\r\n0.12\r\n40.68\r\n2.00\r\nITEMS SOLD 16\r\n7466 0669 7962 272\r\n01/15/17",
        "category": "Uncategorized",
        "error": null
    },
    {
        "image_name": "8.jpg",
        "product_id": "Not Available",
        "title": "Not Available",
        "rating": "Not Available",
        "price": "Not Available",
        "description": "16375 N. washington St.\r\nThornton, CO 80023\r\nE\r\nE\r\nE\r\nE\r\nE\r\nE\r\nE\r\nE\r\n85.61\r\n3.52\r\n89.13\r\n2X Member 111826278335\r\n673919 FF BS BREAST\r\n633561\r\nKS DICED TOM\r\n967596 JACKORGSALSA\r\n3 e 4 29\r\n878137 18CT EGGS\r\n77053 GRAPE TOMATO\r\n404609 ECO HALF PAN\r\n55992 GRND TURKEY\r\n263423 CHPD ONION\r\n22101\r\nMONT JACK 2t\r\nSUBTOTAL\r\nTAX\r\nTOTAL\r\nCheck/Member Prntd\r\nCHANGE\r\nR 8.50% TAX\r\nE 3.75% TRX\r\nTOTAL TAX\r\nTOTAL NUMBER OF ITEMS SOLD -\r\n23.99 E\r\n6.49 E\r\n2.97 E\r\n12.87 E\r\n6.29 E\r\n6.49 fi\r\n18.47 E\r\n3.59 E\r\n4.45 E\r\n0.00\r\n2.97\r\n3.52\r\n11\r\n15:00 629 4 172 14\r\nopt: 14 Name: PEPPER\r\nThank You !\r\nPlease Come fi9ain\r\nTrm:f Trn:172 op:14",
        "category": "Uncategorized",
        "error": null
    },
    {
        "image_name": "13.jpg",
        "product_id": "Not Available",
        "title": "Not Available",
        "rating": "Not Available",
        "price": "Not Available",
        "description": "Walmart\r\nSave money. Live better.\r\n- 0:'62\r\nHICHALI\r\n1171/\r\nCall i\r\nsuop.(.'AHli ACIIVAIION\r\nAPI'R. COW -\r\nREY\r\nBeg 1301\r\n0.00\r\nAni\r\n023)/\r\n50,011 0\r\n60.00\r\n50.00\r\nend Bal\r\n1992\r\nPrices.\r\noa Voor",
        "category": "Uncategorized",
        "error": null
    },
    {
        "image_name": "2.jpg",
        "product_id": "Not Available",
        "title": "Not Available",
        "rating": "Not Available",
        "price": "Not Available",
        "description": "Give us feedback g survey.walmart.com\r\nTha\u2022-k you! ID\r\nWalmart\r\n949-498-6669 Mw\u2022.MICHAEL\r\n951 AVENIDA PICO\r\nSAN CLEWNTE CA 92673\r\n02527 009045 45 TRY 06193\r\nGV OAT'\u00b1AL 007874243408 F\r\nOT 2002 081236803115\r\nM ATHLETICS 019104561781\r\nDEXAS 15X20 008429710921\r\nSUBTOTAL\r\nTAXI 7.750 X\r\nTOTAL\r\nDEBIT TE-'O\r\nCHANGE DUE\r\n1.760\r\n6.74 x\r\n24.97 x\r\n12.97 x\r\n46.44\r\n3.46\r\n49.90\r\n49.90\r\n0.00\r\nEFT DEBIT\r\nPAY FROM PRIMARY\r\n49.90 TOTAL PURCHASE\r\nUS DEBIT\r\nREF # 029200639128\r\nNETWORK ID. 0056 APPR CODE 461500\r\nUS DEBIT\r\nAID A00000009B0840\r\nAAC 7756F4EB82B54EED\r\nTERMINAL # scoli004\r\n10/18/20\r\n# ITEMS SOLD 4\r\n2400 4776 4305 8847 1471\r\nIntroducing Walmart+\r\nJoin today al walmerl.com/plus\r\nLow Prices You Can Trust- Every Day.\r\n10/18/20 11",
        "category": "Uncategorized",
        "error": null
    },
    {
        "image_name": "0.jpg",
        "product_id": "Not Available",
        "title": "Not Available",
        "rating": "Not Available",
        "price": "Not Available",
        "description": "",
        "category": "Uncategorized",
        "error": null
    },
    {
        "product_id": "/content/test_img.jpg",
        "title": "Bournville  Cadbury Dournvllle ",
        "price": 0.0,
        "description": "OPEN  Bournville  Cadbury Dournvllle \u2022 a trut for  \u2022COCu  camoh  total Supn  Added 37.2 IS %  Saturated Fit' \".9  0.1  trans Fat g  Cholesterol mg 4.6  16  ium  *Recommended Dietary Allowance requirement for average adult per Oy  f-\u00e6eks\u00e6;\u00e6coa Butter (24%'), Cocoa Solids (189'), Raisins (7.5%9.  Cashew Nuts Apricot Kernels (4%'), Milk Solids, Emulsifiers (442, 476),  Nature Identical Flavouring Substance.  Aller en Information: Contains Milk, Cashew, Apricot Kernals, Sulphites.  May tontain other Tree Nuts, Soy  '50% Dark refers to 50% total Cocoa Solids in the chocolate mass  storage Conditions: STORE IN A COOC HYGIENIC AND DRY PLACE  DO NOT STORE ABOVE TEMPERATURE OF 25t  Temperature and humidity changes may cause product to  i develo a whitish la er without affectin its fitness for consum tion  Trademarks of Mondel\u00e9z International group used under license  'PRODUCT QUALITY' If are not satisfied with the  product quality, retain the package & call  1800 22 7080/ email at suggestions@mdlzindia.com/  write to Mumbai address on pack.  Mkt. BY'. Mondelez India Foods Private Limited,  ssa  Unit No. 2001, 20th Floor, Tower - 3 (Wing C),  Lic. No. 10014022002711  One International Center, Parel, Mumbai - 400 013.  Form . & packing unit address, read the first character of the code and see below  , I.Yfd. y Mondelez India Foods Private Limited, Induri,  Talegaon Dabhade, Dist Pune, Pune (Maharashtra) - 410507. Lit. NO. 10012022001014  J.Mfd.By & Packed By: Makson Pharmaceuticals (l)  Private Limited, (Food Division) 195, Rajkot Highway/  Lic. No. 10012021000048  Surendranagar, ujarat - 363 020.  M s Plastics, G. No.: 258/1, Kharabwadi Lic. No. 10019022010548  (Pawar Basti), aluka. Khed, DiStnct: Pune\u2022 410 501,  Pkg Material Mfd by: Parksons Packaging Ltd. Regn. No. PR.09.MAH.03.AABCP6598E.23  Net wt.:  Code.:  Pkd.:  Use. By.:  MRP Rs,  80 g  29/10/24  kg. 110.  Per  7 62222 3 40 >  SCAN QR CODE TO  UNLOCK THE WORLD  .OF CHOCOLATE  O RECIPES,  FUN",
        "category": "OPEN  Bournville  Cadbury Dournvllle ",
        "extracted_text": "OPEN\r\nBournville\r\nCadbury Dournvllle \u2022 a trut for\r\n\u2022COCu\r\ncamoh\r\ntotal Supn\r\nAdded 37.2 IS %\r\nSaturated Fit' \".9\r\n0.1\r\ntrans Fat g\r\nCholesterol mg 4.6\r\n16\r\nium\r\n*Recommended Dietary Allowance requirement for average adult per Oy\r\nf-\u00e6eks\u00e6;\u00e6coa Butter (24%'), Cocoa Solids (189'), Raisins (7.5%9.\r\nCashew Nuts Apricot Kernels (4%'), Milk Solids, Emulsifiers (442, 476),\r\nNature Identical Flavouring Substance.\r\nAller en Information: Contains Milk, Cashew, Apricot Kernals, Sulphites.\r\nMay tontain other Tree Nuts, Soy\r\n'50% Dark refers to 50% total Cocoa Solids in the chocolate mass\r\nstorage Conditions: STORE IN A COOC HYGIENIC AND DRY PLACE\r\nDO NOT STORE ABOVE TEMPERATURE OF 25t\r\nTemperature and humidity changes may cause product to\r\ni develo a whitish la er without affectin its fitness for consum tion\r\nTrademarks of Mondel\u00e9z International group used under license\r\n'PRODUCT QUALITY' If are not satisfied with the\r\nproduct quality, retain the package & call\r\n1800 22 7080/ email at suggestions@mdlzindia.com/\r\nwrite to Mumbai address on pack.\r\nMkt. BY'. Mondelez India Foods Private Limited,\r\nssa\r\nUnit No. 2001, 20th Floor, Tower - 3 (Wing C),\r\nLic. No. 10014022002711\r\nOne International Center, Parel, Mumbai - 400 013.\r\nForm . & packing unit address, read the first character of the code and see below\r\n, I.Yfd. y Mondelez India Foods Private Limited, Induri,\r\nTalegaon Dabhade, Dist Pune, Pune (Maharashtra) - 410507. Lit. NO. 10012022001014\r\nJ.Mfd.By & Packed By: Makson Pharmaceuticals (l)\r\nPrivate Limited, (Food Division) 195, Rajkot Highway/\r\nLic. No. 10012021000048\r\nSurendranagar, ujarat - 363 020.\r\nM s Plastics, G. No.: 258/1, Kharabwadi Lic. No. 10019022010548\r\n(Pawar Basti), aluka. Khed, DiStnct: Pune\u2022 410 501,\r\nPkg Material Mfd by: Parksons Packaging Ltd. Regn. No. PR.09.MAH.03.AABCP6598E.23\r\nNet wt.:\r\nCode.:\r\nPkd.:\r\nUse. By.:\r\nMRP Rs,\r\n80 g\r\n29/10/24\r\nkg. 110.\r\nPer\r\n7 62222 3 40 >\r\nSCAN QR CODE TO\r\nUNLOCK THE WORLD\r\n.OF CHOCOLATE\r\nO RECIPES,\r\nFUN\r\n",
        "error": null,
        "image_name": null,
        "rating": null
    },
    {
        "product_id": "/content/extracted_images/boxes/16.png",
        "title": "Unknown Title",
        "price": 1000.0,
        "description": "See back of receipt for your chance  to win $1000  11) if: 7L'2T9W,h425F  a mar  Save money. Live better.  701 ) 223 - 3066  MANAGER TIM MORRIS  2711 ROCK ISLAND PL  BISMARCK ND 58504  01534 009048 48 04455  6 WING P1 ATE 020108810398\u20140 98 p  063099656595\u00c4@1.88 X  ASST 27  12.88  SUBTOTAL  TAXI 6.500 x  TAX a 7.500 X  DEBIT TEND  CHANGE DIE  21.74  1.15  0.30  23.19  0.00  EFI DEBIT  PAY FROM PRIMARY  23.19 TOTAL PIRCHASE  US DEBIT  xxxx 2696  REF # 731700494718  NETWORK ID. 0081 APPR CODE 936886  IJS DEBIT  AID A0000000980840  TC 58B77239DA5B3B44  SIGNATURE REQUIRED  TERMINAL # scoli090  # ITEMS SOLD 3  2188 7274 6444 1567 3762  10  Low Prices You Can Trust. Every Day.  11/13/17  12:34:11  Store receipts on your phone. Walmart P  ay.",
        "category": "See back of receipt for your chance  to win ",
        "extracted_text": "See back of receipt for your chance\r\nto win $1000\r\n11) if: 7L'2T9W,h425F\r\na mar\r\nSave money. Live better.\r\n701 ) 223 - 3066\r\nMANAGER TIM MORRIS\r\n2711 ROCK ISLAND PL\r\nBISMARCK ND 58504\r\n01534 009048 48 04455\r\n6 WING P1 ATE 020108810398\u20140 98 p\r\n063099656595\u00c4@1.88 X\r\nASST 27\r\n12.88\r\nSUBTOTAL\r\nTAXI 6.500 x\r\nTAX a 7.500 X\r\nDEBIT TEND\r\nCHANGE DIE\r\n21.74\r\n1.15\r\n0.30\r\n23.19\r\n0.00\r\nEFI DEBIT\r\nPAY FROM PRIMARY\r\n23.19 TOTAL PIRCHASE\r\nUS DEBIT\r\nxxxx 2696\r\nREF # 731700494718\r\nNETWORK ID. 0081 APPR CODE 936886\r\nIJS DEBIT\r\nAID A0000000980840\r\nTC 58B77239DA5B3B44\r\nSIGNATURE REQUIRED\r\nTERMINAL # scoli090\r\n# ITEMS SOLD 3\r\n2188 7274 6444 1567 3762\r\n10\r\nLow Prices You Can Trust. Every Day.\r\n11/13/17\r\n12:34:11\r\nStore receipts on your phone. Walmart P\r\nay.\r\n",
        "error": null,
        "image_name": null,
        "rating": null
    },
    {
        "product_id": "/content/extracted_images/boxes/5.png",
        "title": "Unknown Title",
        "price": 0.0,
        "description": "No text found.",
        "category": "No text found",
        "extracted_text": "No text found.",
        "error": null,
        "image_name": null,
        "rating": null
    },
    {
        "product_id": "/content/extracted_images/boxes/9.png",
        "title": "Unknown Title",
        "price": 0.0,
        "description": "CHICKEN  \u00f6\u00f6R\u00c5  EYE RNIJ  EYE RND  LWIN  anvil 'o. 75137  store \"0124  Cashier :  \u00af 26Bq0i\u00c4X-_  l.  121.92  70560b ,  a 5n167AO\u00dcClOCj '5.48 V:  3hia7A00\u00fc00 _  7148200000  Rhomannnnn  non  BAR S YEAT FRH  ,'uu0i  HAM  29 .84  INDRBRD BR 3737101318  ORFF DELUXE MAC 2100065bbb  2 c 1.82  9800037435  EGGO WAFFLE  BARS 'a.qm04120  OATMEAL CRM 5490004101  INKS MILD  7499550.3660  KEEB TOWNHOUSE 3010010055  TURKEY FRANK 4222281210  0M SPAG SAUCE 2400052363  HUNTS MANWICH 2700044212  2 w .82  0M PNAPL CHNKY 24000001  WT 7055200115  WINCO HOMO MILK 7055240600  EGGS  7003837280  SUBTOTAL  TOTAL TAX  TOTAL  5.98 F  .25 FS  1  5  1.  64 FS  2.4b FS  1.37 FS  .00  121.92",
        "category": "CHICKEN  ",
        "extracted_text": "CHICKEN\r\n\u00f6\u00f6R\u00c5\r\nEYE RNIJ\r\nEYE RND\r\nLWIN\r\nanvil 'o. 75137\r\nstore \"0124\r\nCashier :\r\n\u00af 26Bq0i\u00c4X-_\r\nl.\r\n121.92\r\n70560b ,\r\na 5n167AO\u00dcClOCj '5.48 V:\r\n3hia7A00\u00fc00 _\r\n7148200000\r\nRhomannnnn\r\nnon\r\nBAR S YEAT FRH\r\n,'uu0i\r\nHAM\r\n29 .84\r\nINDRBRD BR 3737101318\r\nORFF DELUXE MAC 2100065bbb\r\n2 c 1.82\r\n9800037435\r\nEGGO WAFFLE\r\nBARS 'a.qm04120\r\nOATMEAL CRM 5490004101\r\nINKS MILD\r\n7499550.3660\r\nKEEB TOWNHOUSE 3010010055\r\nTURKEY FRANK 4222281210\r\n0M SPAG SAUCE 2400052363\r\nHUNTS MANWICH 2700044212\r\n2 w .82\r\n0M PNAPL CHNKY 24000001\r\nWT 7055200115\r\nWINCO HOMO MILK 7055240600\r\nEGGS\r\n7003837280\r\nSUBTOTAL\r\nTOTAL TAX\r\nTOTAL\r\n5.98 F\r\n.25 FS\r\n1\r\n5\r\n1.\r\n64 FS\r\n2.4b FS\r\n1.37 FS\r\n.00\r\n121.92\r\n",
        "error": null,
        "image_name": null,
        "rating": null
    },
    {
        "product_id": "/content/extracted_images/boxes/6.png",
        "title": "Unknown Title",
        "price": 0.0,
        "description": "No text found.",
        "category": "No text found",
        "extracted_text": "No text found.",
        "error": null,
        "image_name": null,
        "rating": null
    },
    {
        "product_id": "/content/extracted_images/boxes/3.png",
        "title": "Unknown Title",
        "price": 1000.0,
        "description": "See back Of receipt For your chance  to $1000 ID t:7N5NIVIXCQDQ  Walmart  Hyr'UAHIE BROOKSHIRE  882 S, STATE ROAD 135  GREENUOOD IN 46143  STC 05483 npg n9 TR' 06976  2.96 c  fiR\u00dciFROVjnr.  2.58 u  >NHCK BARR -  4.95  CL CHS niiii\u00e4\u00e4\u00fci\u00f6\u00f6 \u00c9  b .88 u  CHS \u00f6\u00f6i1\u00e4\u00f6\u00c9\u00fc\u00f6\u00f6b F  VOIDED  HRI CL CHS F  5.6B L  CL PEP F  E.gg u  \u00b1RRBUDS  13100946  SC BCN CHODR 007874202906 F  6.9B C  THINBRST 022461710972 F  9.rz  HRRD/PROV/nc 007874219410 F  2.680  APPLE 3 BAG 084747300184 F  STOK LT suT 004127102774 F  PEANUT 005160026499 F  avo VERDE  061611206143 F 2.9b N  ROLLS  007874219415 F  1.2B c  BTS DRY BLON 501072452746  6.58  000000000003K  32.00  rR FRHA 002240062190  2.74 Y  3RGELS  001376402801 F  4.56  GV SLIDERS 007874201626  2.98  ACCESSORY  007615161216  0.97  EE2E IT  002410053523 F  4.000  uns 4.64 you SAVED 0.64  ITZ  004400088210 F  2.78  UFFLES  002840020942 F  2.50  WHNY GRHS 007874207283 F  SUBTOTRL  7.000 X  4, 68  44.02  CASH TEND  150.02  CHRNGE DUE  6.00  ITEMS SOLD 26  TCt 0783 5080 4072 3416 2495 6  Scan with Walmart app to save reeelp\u00b1s",
        "category": "See back Of receipt For your chance  to ",
        "extracted_text": "See back Of receipt For your chance\r\nto $1000 ID t:7N5NIVIXCQDQ\r\nWalmart\r\nHyr'UAHIE BROOKSHIRE\r\n882 S, STATE ROAD 135\r\nGREENUOOD IN 46143\r\nSTC 05483 npg n9 TR' 06976\r\n2.96 c\r\nfiR\u00dciFROVjnr.\r\n2.58 u\r\n>NHCK BARR -\r\n4.95\r\nCL CHS niiii\u00e4\u00e4\u00fci\u00f6\u00f6 \u00c9\r\nb .88 u\r\nCHS \u00f6\u00f6i1\u00e4\u00f6\u00c9\u00fc\u00f6\u00f6b F\r\nVOIDED\r\nHRI CL CHS F\r\n5.6B L\r\nCL PEP F\r\nE.gg u\r\n\u00b1RRBUDS\r\n13100946\r\nSC BCN CHODR 007874202906 F\r\n6.9B C\r\nTHINBRST 022461710972 F\r\n9.rz\r\nHRRD/PROV/nc 007874219410 F\r\n2.680\r\nAPPLE 3 BAG 084747300184 F\r\nSTOK LT suT 004127102774 F\r\nPEANUT 005160026499 F\r\navo VERDE\r\n061611206143 F 2.9b N\r\nROLLS\r\n007874219415 F\r\n1.2B c\r\nBTS DRY BLON 501072452746\r\n6.58\r\n000000000003K\r\n32.00\r\nrR FRHA 002240062190\r\n2.74 Y\r\n3RGELS\r\n001376402801 F\r\n4.56\r\nGV SLIDERS 007874201626\r\n2.98\r\nACCESSORY\r\n007615161216\r\n0.97\r\nEE2E IT\r\n002410053523 F\r\n4.000\r\nuns 4.64 you SAVED 0.64\r\nITZ\r\n004400088210 F\r\n2.78\r\nUFFLES\r\n002840020942 F\r\n2.50\r\nWHNY GRHS 007874207283 F\r\nSUBTOTRL\r\n7.000 X\r\n4, 68\r\n44.02\r\nCASH TEND\r\n150.02\r\nCHRNGE DUE\r\n6.00\r\nITEMS SOLD 26\r\nTCt 0783 5080 4072 3416 2495 6\r\nScan with Walmart app to save reeelp\u00b1s\r\n",
        "error": null,
        "image_name": null,
        "rating": null
    },
    {
        "product_id": "/content/extracted_images/boxes/18.png",
        "title": "Unknown Title",
        "price": 0.0,
        "description": "No text found.",
        "category": "No text found",
        "extracted_text": "No text found.",
        "error": null,
        "image_name": null,
        "rating": null
    },
    {
        "product_id": "/content/extracted_images/boxes/11.png",
        "title": "Unknown Title",
        "price": 2.0,
        "description": "WH L  FOODS  SHARON RD.  $2 off uC Fill  lb @ 1 99 / lb  NHP SLICED OVEN RO  NHP SLICED HICKORY  lb @ 1 99 ,'lb  GAL fi APPLES OG  TAX  . 93  BAL  2.00-  TARE .01  ITEM  399 B  389 B  01  TARE =  ITEM - 94136  45 . 44",
        "category": "WH L  FOODS  SHARON RD",
        "extracted_text": "WH L\r\nFOODS\r\nSHARON RD.\r\n$2 off uC Fill\r\nlb @ 1 99 / lb\r\nNHP SLICED OVEN RO\r\nNHP SLICED HICKORY\r\nlb @ 1 99 ,'lb\r\nGAL fi APPLES OG\r\nTAX\r\n. 93\r\nBAL\r\n2.00-\r\nTARE .01\r\nITEM\r\n399 B\r\n389 B\r\n01\r\nTARE =\r\nITEM - 94136\r\n45 . 44\r\n",
        "error": null,
        "image_name": null,
        "rating": null
    },
    {
        "product_id": "/content/extracted_images/boxes/7.png",
        "title": "Unknown Title",
        "price": 1000.0,
        "description": "See back of receipt for your chance  to win $1000  11) if: 7L'2T9W,h425F  a mar  Save money. Live better.  ( 701 ) 223 - 3066  MANAGER TIM MORRIS  2711 ROCK ISLAND PL  BISMARCK ND 58504  01534 009048 48 04455  6 WING PLATE 020108810398  063099656595  ASST 21  SUBTOTAL  TAXI 6.500 x  TAX a 7.500 X  DEBIT TEND  CHANGE DIE  .98  4.88  .88  21.74  1.15  0.30  23.19  0.00  EFI DEBIT  PAY FROM PRIMARY  23.19 TOTAL PIRCHASE  US DEBIT  xxxx 2696  REF # 731700494718  NETWORK ID. 0081 APPR CODE 936886  IJS DEBIT  AID A0000000980840  TC 58B77239DA5B3B44  SIGNATURE REQUIRED  TERMINAL # scoli090  11/13/17  # ITEMS SOLD 3  2188 7274 6444 1567 3762  10  Low Prices You Can Trust. Every Day.  Store receipts on your phone. Walmart P  ay.",
        "category": "See back of receipt for your chance  to win ",
        "extracted_text": "See back of receipt for your chance\r\nto win $1000\r\n11) if: 7L'2T9W,h425F\r\na mar\r\nSave money. Live better.\r\n( 701 ) 223 - 3066\r\nMANAGER TIM MORRIS\r\n2711 ROCK ISLAND PL\r\nBISMARCK ND 58504\r\n01534 009048 48 04455\r\n6 WING PLATE 020108810398\r\n063099656595\r\nASST 21\r\nSUBTOTAL\r\nTAXI 6.500 x\r\nTAX a 7.500 X\r\nDEBIT TEND\r\nCHANGE DIE\r\n.98\r\n4.88\r\n.88\r\n21.74\r\n1.15\r\n0.30\r\n23.19\r\n0.00\r\nEFI DEBIT\r\nPAY FROM PRIMARY\r\n23.19 TOTAL PIRCHASE\r\nUS DEBIT\r\nxxxx 2696\r\nREF # 731700494718\r\nNETWORK ID. 0081 APPR CODE 936886\r\nIJS DEBIT\r\nAID A0000000980840\r\nTC 58B77239DA5B3B44\r\nSIGNATURE REQUIRED\r\nTERMINAL # scoli090\r\n11/13/17\r\n# ITEMS SOLD 3\r\n2188 7274 6444 1567 3762\r\n10\r\nLow Prices You Can Trust. Every Day.\r\nStore receipts on your phone. Walmart P\r\nay.\r\n",
        "error": null,
        "image_name": null,
        "rating": null
    },
    {
        "product_id": "/content/extracted_images/boxes/2.png",
        "title": "Unknown Title",
        "price": 0.0,
        "description": "Give us feedback g survey.walmart.com  Tha\u2022-k you! ID  Walmart  949-498-6669 Mw\u2022.MICHAEL  951 AVENIDA PICO  SAN CLEWNTE CA 92673  02527 009045 TEN 45 TRY 06193  OAkAL  007874243408 F  2002  0819368m115  ATHLETICS  019104567781  DEXAS 15X20  008429710921  SUBTOTAL  TAXI 7.750 X  EFT DEBIT  1.760  6.74 x  12.97  46.44  3.46  DEBIT TE-'0 49.90  CHANGE DUE  0.00  PAY FROM PRIMARY  49.90 TOTAL PURCHASE  US DEBIT  REF # 029200639128  NETWORK ID. 0056 APPR CODE 461500  US DEBIT  AID A00000009B0840  AAC 7756F4EB82B54EED  TERMINAL # scoli004  10/18/20  # ITEMS SOLD 4  2400 4776 4305 8847 1471  Introducing Walmart+  Join today al walmerl.com/plus  Low Prices You Can Trust. Every Day.  to,'18/20",
        "category": "Give us feedback g survey",
        "extracted_text": "Give us feedback g survey.walmart.com\r\nTha\u2022-k you! ID\r\nWalmart\r\n949-498-6669 Mw\u2022.MICHAEL\r\n951 AVENIDA PICO\r\nSAN CLEWNTE CA 92673\r\n02527 009045 TEN 45 TRY 06193\r\nOAkAL\r\n007874243408 F\r\n2002\r\n0819368m115\r\nATHLETICS\r\n019104567781\r\nDEXAS 15X20\r\n008429710921\r\nSUBTOTAL\r\nTAXI 7.750 X\r\nEFT DEBIT\r\n1.760\r\n6.74 x\r\n12.97\r\n46.44\r\n3.46\r\nDEBIT TE-'0 49.90\r\nCHANGE DUE\r\n0.00\r\nPAY FROM PRIMARY\r\n49.90 TOTAL PURCHASE\r\nUS DEBIT\r\nREF # 029200639128\r\nNETWORK ID. 0056 APPR CODE 461500\r\nUS DEBIT\r\nAID A00000009B0840\r\nAAC 7756F4EB82B54EED\r\nTERMINAL # scoli004\r\n10/18/20\r\n# ITEMS SOLD 4\r\n2400 4776 4305 8847 1471\r\nIntroducing Walmart+\r\nJoin today al walmerl.com/plus\r\nLow Prices You Can Trust. Every Day.\r\nto,'18/20\r\n",
        "error": null,
        "image_name": null,
        "rating": null
    },
    {
        "product_id": "/content/extracted_images/boxes/0.png",
        "title": "Unknown Title",
        "price": 0.0,
        "description": "WAL*MART3  ALWAYS LOW PRICES.  SUPERCENTER  OPEN 24 HOURS  MANAGER . TBA  ( 515 ) 986 - 1783  5748 00000158 14 03178  000000004011KF  BANANAS  0.41 1b 9 1 lb /0.49  FRAP  001200010451 F  DISCOUNT GIVEN  SUBTOTAL  IOTAL  CASH TEND  CHANGE DUE  0.20 N  5.48 N  0.57  5.11  5.11  11.00  5.89  # ITEMS SOLD 2  5679 8348 6485 7828 2003  THANK you FOR SHOPPING WITH US  NATHANIEL BUSH  Shop at Wal mart & Get  Your Back to School List for Less.  08/20/10  13: 12 : 01",
        "category": "WAL",
        "extracted_text": "WAL*MART3\r\nALWAYS LOW PRICES.\r\nSUPERCENTER\r\nOPEN 24 HOURS\r\nMANAGER . TBA\r\n( 515 ) 986 - 1783\r\n5748 00000158 14 03178\r\n000000004011KF\r\nBANANAS\r\n0.41 1b 9 1 lb /0.49\r\nFRAP\r\n001200010451 F\r\nDISCOUNT GIVEN\r\nSUBTOTAL\r\nIOTAL\r\nCASH TEND\r\nCHANGE DUE\r\n0.20 N\r\n5.48 N\r\n0.57\r\n5.11\r\n5.11\r\n11.00\r\n5.89\r\n# ITEMS SOLD 2\r\n5679 8348 6485 7828 2003\r\nTHANK you FOR SHOPPING WITH US\r\nNATHANIEL BUSH\r\nShop at Wal mart & Get\r\nYour Back to School List for Less.\r\n08/20/10\r\n13: 12 : 01\r\n",
        "error": null,
        "image_name": null,
        "rating": null
    },
    {
        "product_id": "/content/extracted_images/boxes/13.png",
        "title": "Unknown Title",
        "price": 0.0,
        "description": "Walmart  Save money. Live better.  - 0:'62  HICHALI  ACIIVAIION  API'R. COW -  REY  Beg 1301  0.00  19: 19:j1  023)/  Low  60.00  50.00  end Bal  1992",
        "category": "Walmart  Save money",
        "extracted_text": "Walmart\r\nSave money. Live better.\r\n- 0:'62\r\nHICHALI\r\nACIIVAIION\r\nAPI'R. COW -\r\nREY\r\nBeg 1301\r\n0.00\r\n19: 19:j1\r\n023)/\r\nLow\r\n60.00\r\n50.00\r\nend Bal\r\n1992\r\n",
        "error": null,
        "image_name": null,
        "rating": null
    },
    {
        "product_id": "/content/extracted_images/boxes/8.png",
        "title": "Unknown Title",
        "price": 0.0,
        "description": "16375 N. washington St.  Thornton, CO 80023  2X Member 111826278335  - 673919 FFBS BREAST  633561 ks DICED TOh  _ 967596 UACKORGSALSR  29  878137 18CT EGGS  177053 GRAPE  404609 ECO HALF PAN  55992 GRND TURKEY  263423 CHPD ONION  22101 MONT JACK 2t  SUBTOTAL  TAX  YY@TOTAL  Check/Member Prntd  CHANGE  R 8.50% TAX  E 3.75% TRX  TOTAL TAX  TOTAL NUMBER OF ITEMS SOLD -  $.49 -e  2.97&  12.87  6.29 E  6.49  _ 18.47 E  3.59 E  4.45 E  85.61  3.52  89.13  0.00  2.97  3.52  11  15:00 629 4 172 14  opt: 14 Name: PEPPER  Thank You !  Please Come fi9ain  Trm:f Trn:172 op:14",
        "category": "Unknown",
        "extracted_text": "16375 N. washington St.\r\nThornton, CO 80023\r\n2X Member 111826278335\r\n- 673919 FFBS BREAST\r\n633561 ks DICED TOh\r\n_ 967596 UACKORGSALSR\r\n29\r\n878137 18CT EGGS\r\n177053 GRAPE\r\n404609 ECO HALF PAN\r\n55992 GRND TURKEY\r\n263423 CHPD ONION\r\n22101 MONT JACK 2t\r\nSUBTOTAL\r\nTAX\r\nYY@TOTAL\r\nCheck/Member Prntd\r\nCHANGE\r\nR 8.50% TAX\r\nE 3.75% TRX\r\nTOTAL TAX\r\nTOTAL NUMBER OF ITEMS SOLD -\r\n$.49 -e\r\n2.97&\r\n12.87\r\n6.29 E\r\n6.49\r\n_ 18.47 E\r\n3.59 E\r\n4.45 E\r\n85.61\r\n3.52\r\n89.13\r\n0.00\r\n2.97\r\n3.52\r\n11\r\n15:00 629 4 172 14\r\nopt: 14 Name: PEPPER\r\nThank You !\r\nPlease Come fi9ain\r\nTrm:f Trn:172 op:14\r\n",
        "error": null,
        "image_name": null,
        "rating": null
    },
    {
        "product_id": "/content/extracted_images/boxes/1.png",
        "title": "Unknown Title",
        "price": 0.0,
        "description": "No text found.",
        "category": "No text found",
        "extracted_text": "No text found.",
        "error": null,
        "image_name": null,
        "rating": null
    },
    {
        "product_id": "/content/extracted_images/boxes/4.png",
        "title": "Unknown Title",
        "price": 0.0,
        "description": "Walmart  Save money. Live better.  c 712 ) 366 - 3326  NANRGER DONALD MONEYMAKER  3201 CENTRE OR  COUNCIL BLUFFS IA SISOI  ST' 01966 002031 TES 20 TRS 061  FGHTR 063050940732  SUBTOTAL 6'.94  TMI 7.000 x  EFT DEBIT  PAY FROH PRIHRRY  7.43 TOTAL PURCHASE  RCCmNT  REF 634200381766  NETUORK ID. 0056 PPR CODE 087193  TERMINAL  12/08/15  # ITEMS SOLD 1  3261 4114 0323 3051 6498  NE' STORE HOURS  to I dni t 7 \u2022 seek.  Savin\" Catct\u2022rl Scan 'ith",
        "category": "Walmart  Save money",
        "extracted_text": "Walmart\r\nSave money. Live better.\r\nc 712 ) 366 - 3326\r\nNANRGER DONALD MONEYMAKER\r\n3201 CENTRE OR\r\nCOUNCIL BLUFFS IA SISOI\r\nST' 01966 002031 TES 20 TRS 061\r\nFGHTR 063050940732\r\nSUBTOTAL 6'.94\r\nTMI 7.000 x\r\nEFT DEBIT\r\nPAY FROH PRIHRRY\r\n7.43 TOTAL PURCHASE\r\nRCCmNT\r\nREF 634200381766\r\nNETUORK ID. 0056 PPR CODE 087193\r\nTERMINAL\r\n12/08/15\r\n# ITEMS SOLD 1\r\n3261 4114 0323 3051 6498\r\nNE' STORE HOURS\r\nto I dni t 7 \u2022 seek.\r\nSavin\" Catct\u2022rl Scan 'ith\r\n",
        "error": null,
        "image_name": null,
        "rating": null
    },
    {
        "product_id": "/content/extracted_images/boxes/10.png",
        "title": "Unknown Title",
        "price": 0.0,
        "description": "No text found.",
        "category": "No text found",
        "extracted_text": "No text found.",
        "error": null,
        "image_name": null,
        "rating": null
    },
    {
        "product_id": "/content/extracted_images/boxes/14.png",
        "title": "Unknown Title",
        "price": 0.0,
        "description": "No text found.",
        "category": "No text found",
        "extracted_text": "No text found.",
        "error": null,
        "image_name": null,
        "rating": null
    },
    {
        "product_id": "/content/extracted_images/boxes/12.png",
        "title": "Unknown Title",
        "price": 0.0,
        "description": "WAL*MART  Save money. Live better.  WE SELL FOR LESS  RLWAYS  MANAGER DAPHNE SESSION  636 ) 536 - 4601  CHESTERFIELD, HO 63005  2600 opt 00001 TE-t 17 TRt 03359  Su FIGURES  065356920144  rooTHBRUSH 003500055500  SUBTOTAL  'OMEN SLIPPE 009725614730  SUBTOTAL  3.'r00X  TAX 1  TAX 3 4.350 X  TOTAL  HCRRD TEND  ACCOUNT #3546  APPROVAL '007190  TRANS ID -  VALIDATION -  PAYMENT SERVICE -  CHRNGE DUE  6.63 x  0.96  7.59  9.86 x  17 .  o'. 76  18.75  0.00  # ITEMS SOLD 3  TCt 9489 7094 6487 3073 3651  Wel-M\u2022rt exclusive Eagles CD  \u2022velleble October 30th!  10/20/07  \"INCUSTOMER",
        "category": "WAL",
        "extracted_text": "WAL*MART\r\nSave money. Live better.\r\nWE SELL FOR LESS\r\nRLWAYS\r\nMANAGER DAPHNE SESSION\r\n636 ) 536 - 4601\r\nCHESTERFIELD, HO 63005\r\n2600 opt 00001 TE-t 17 TRt 03359\r\nSu FIGURES\r\n065356920144\r\nrooTHBRUSH 003500055500\r\nSUBTOTAL\r\n'OMEN SLIPPE 009725614730\r\nSUBTOTAL\r\n3.'r00X\r\nTAX 1\r\nTAX 3 4.350 X\r\nTOTAL\r\nHCRRD TEND\r\nACCOUNT #3546\r\nAPPROVAL '007190\r\nTRANS ID -\r\nVALIDATION -\r\nPAYMENT SERVICE -\r\nCHRNGE DUE\r\n6.63 x\r\n0.96\r\n7.59\r\n9.86 x\r\n17 .\r\no'. 76\r\n18.75\r\n0.00\r\n# ITEMS SOLD 3\r\nTCt 9489 7094 6487 3073 3651\r\nWel-M\u2022rt exclusive Eagles CD\r\n\u2022velleble October 30th!\r\n10/20/07\r\n\"INCUSTOMER\r\n",
        "error": null,
        "image_name": null,
        "rating": null
    },
    {
        "product_id": "/content/extracted_images/boxes/19.png",
        "title": "Unknown Title",
        "price": 0.0,
        "description": "Gi ve us  you! ID g:  Walmart  863-676-9425 :EIRIEL  2000 STATE ROAD 60 E  LAKE WALES FL 33898  00859 009026 26 02422  COVER 471288396027  FIBER 036926600094  CELERY 003336365301 F  RED GRAPE 0000004\u00fcZ3KF  2.51 lb g 1 lb /1.44  AL  TAX 1 T.ooo x  TOTAL  SHOPPING cm  CHAP\u00c6  14.97  2.48 N  3.61 N  34.00  1.05  $.05  35.05  0.00  SHOP. CARD REDEMPTICN  35.05  Tran Amt End Bal  Beg Bal  35.05  122.24  157.29  # ITEMS SOLD 4  6949 6652 6669 8007 1705  Low Prices rust. Every Day.  10/16/21",
        "category": "Gi ve us  you",
        "extracted_text": "Gi ve us\r\nyou! ID g:\r\nWalmart\r\n863-676-9425 :EIRIEL\r\n2000 STATE ROAD 60 E\r\nLAKE WALES FL 33898\r\n00859 009026 26 02422\r\nCOVER 471288396027\r\nFIBER 036926600094\r\nCELERY 003336365301 F\r\nRED GRAPE 0000004\u00fcZ3KF\r\n2.51 lb g 1 lb /1.44\r\nAL\r\nTAX 1 T.ooo x\r\nTOTAL\r\nSHOPPING cm\r\nCHAP\u00c6\r\n14.97\r\n2.48 N\r\n3.61 N\r\n34.00\r\n1.05\r\n$.05\r\n35.05\r\n0.00\r\nSHOP. CARD REDEMPTICN\r\n35.05\r\nTran Amt End Bal\r\nBeg Bal\r\n35.05\r\n122.24\r\n157.29\r\n# ITEMS SOLD 4\r\n6949 6652 6669 8007 1705\r\nLow Prices rust. Every Day.\r\n10/16/21\r\n",
        "error": null,
        "image_name": null,
        "rating": null
    },
    {
        "product_id": "/content/extracted_images/boxes/17.png",
        "title": "Unknown Title",
        "price": 1000.0,
        "description": "See back of receipt for your chance  to \"In $1000  10  7kZGF1 SL2FF  Walmart  Save money. Live better.  970 ) 259 - 8755  MANAGER MIKE NE-IDLINGER  1166 S CRHINO DEL RIO  DURANGO CO 81303  sra 02270 000144 TEB 02 03080  PRNRNRS  000000004011 KI  1 _ 76 lh 1 lh .10 54  HAND CLEANER 004125100005  INJECTR CLNR 00498071 0003  BEVERAGE  OS CRRN POH  STRUBRY cr.  CAMPARI  (FT SINGLES  446009821 14  HARD SALAHI  qvocaoo  0031 200021 33  003120027015 F  rwzzoo  073447501213 1  002100061526 F  00445009821 1  020533960343 F  000000004046KI  4 AT 1  0.44  PILLS  068113113619 F  SH NYLON COL  007417024836  SUBTOTAL  7.900 x  TRX 2  6.000 x  TRX 5  2.900 x  TOTAL  cash TEND  CHANGE DUE  ITEMS SOLD 16  2.98  1.76 R  2.97  1.67  1.07  1.14  0.12  40.68  2.00  rct 3041 7466 0669 7962 272  )1/15/17",
        "category": "See back of receipt for your chance  to ",
        "extracted_text": "See back of receipt for your chance\r\nto \"In $1000\r\n10\r\n7kZGF1 SL2FF\r\nWalmart\r\nSave money. Live better.\r\n970 ) 259 - 8755\r\nMANAGER MIKE NE-IDLINGER\r\n1166 S CRHINO DEL RIO\r\nDURANGO CO 81303\r\nsra 02270 000144 TEB 02 03080\r\nPRNRNRS\r\n000000004011 KI\r\n1 _ 76 lh 1 lh .10 54\r\nHAND CLEANER 004125100005\r\nINJECTR CLNR 00498071 0003\r\nBEVERAGE\r\nOS CRRN POH\r\nSTRUBRY cr.\r\nCAMPARI\r\n(FT SINGLES\r\n446009821 14\r\nHARD SALAHI\r\nqvocaoo\r\n0031 200021 33\r\n003120027015 F\r\nrwzzoo\r\n073447501213 1\r\n002100061526 F\r\n00445009821 1\r\n020533960343 F\r\n000000004046KI\r\n4 AT 1\r\n0.44\r\nPILLS\r\n068113113619 F\r\nSH NYLON COL\r\n007417024836\r\nSUBTOTAL\r\n7.900 x\r\nTRX 2\r\n6.000 x\r\nTRX 5\r\n2.900 x\r\nTOTAL\r\ncash TEND\r\nCHANGE DUE\r\nITEMS SOLD 16\r\n2.98\r\n1.76 R\r\n2.97\r\n1.67\r\n1.07\r\n1.14\r\n0.12\r\n40.68\r\n2.00\r\nrct 3041 7466 0669 7962 272\r\n)1/15/17\r\n",
        "error": null,
        "image_name": null,
        "rating": null
    },
    {
        "product_id": "/content/extracted_images/boxes/15.png",
        "title": "Unknown Title",
        "price": 1000.0,
        "description": "See back of receipt for your chance  $1000  7JYY2Juc:K3Y  Walmart  Save mon . Live better.  71 ) 799\u2014 0020  HANRGER YVONNE THOMAS  13331 BERCH BLVD  UESTh1NSTER ca 92683  onKQKQ 79 01626  \"06iiiji3iii2H  SUBTOTR  VISA END  APPROVAL t 222235  REF 620500604401  TRANS ID - 586205139884060  VALIDATION -  PAYMENT SERVICE - E  RID R0000000031010  TC 9EOFRC9R809EED92  TERHINRL  ENO SIGNRTURE REQUIRED  07/22/16  12.\u00e48  12.53  12.se  - 12.68  0.00  CHANGE DUE  # ITEMS SOLD 1  7603 0129 1089 7649 4115  Lou Prices You Can Trust. Evers Day,  07/22/16.0 : 538M  \"ECUSTOHER  ssav  Ings Catcher! Scan with Uelmart app",
        "category": "See back of receipt for your chance  ",
        "extracted_text": "See back of receipt for your chance\r\n$1000\r\n7JYY2Juc:K3Y\r\nWalmart\r\nSave mon . Live better.\r\n71 ) 799\u2014 0020\r\nHANRGER YVONNE THOMAS\r\n13331 BERCH BLVD\r\nUESTh1NSTER ca 92683\r\nonKQKQ 79 01626\r\n\"06iiiji3iii2H\r\nSUBTOTR\r\nVISA END\r\nAPPROVAL t 222235\r\nREF 620500604401\r\nTRANS ID - 586205139884060\r\nVALIDATION -\r\nPAYMENT SERVICE - E\r\nRID R0000000031010\r\nTC 9EOFRC9R809EED92\r\nTERHINRL\r\nENO SIGNRTURE REQUIRED\r\n07/22/16\r\n12.\u00e48\r\n12.53\r\n12.se\r\n- 12.68\r\n0.00\r\nCHANGE DUE\r\n# ITEMS SOLD 1\r\n7603 0129 1089 7649 4115\r\nLou Prices You Can Trust. Evers Day,\r\n07/22/16.0 : 538M\r\n\"ECUSTOHER\r\nssav\r\nIngs Catcher! Scan with Uelmart app\r\n",
        "error": null,
        "image_name": null,
        "rating": null
    },
    {
        "product_id": "/content/extracted_images/images/9.jpg",
        "title": "Unknown Title",
        "price": 0.0,
        "description": "Cashier :  09/08/14  BLEND  CHICKEN  LN GRN\u00df B 20167400000  POR* LOIN CO 20337400000  26841800000  EYE RND FP 20148200000  EYE RND FP 20148200000  BEEF FOR STEW 20254300000  PORK 1/2 LOIN 20323300000  b/BEST S STEAK 4497921020  BAR S YEAT FRtd 1590013401  4470001903  HAM  WINCO NOODLES 7055280303  29 .84  INDRBRD CHIK BR 3737101318  KRFT DELUXE MAC 2100065886  2 C I.d2  3800037435  EGGO WAFFLE  1/0 NUTTY BARS 2430004120  LiD OATMEAL CRM 2430004101  LINKS MILD  74295503660  KEEB TOWNHOUSE 3010010055  TURKEY FRANK 4222281210  RESERS POT SLD 7111719300  DM SPAG SAUCE 2400052363  HUNTS MANWICH 2700044212  2B .82  LVinCo  anvil 'o. 75137  store \"0124  121.92  121.92  5.4B Fs  10.87 FS  9.91 FS  5.32 FS  8.39 FS  8.12 FS  -88 Fs  a.ss Fs  5.98 FS  3.64 FS  1.96 FS  1.25 FS  1.25 FS  5.78 FS  1.98 FS  .88 FS  .98 FS  .71 FS  1.64 FS  0M PNAPL CHNKY 24000@Qi64.e.z..\u00df\u00fc-96--Es  7763306333  WINCO SNDWCH WT 7055200115  WINCO HOMO MILK 7055240600  EGGS  7003837280  SUBTOTAL  TOTAL TAX  TOTAL  1.98 FS  .91 FS  2.48 FS  1.37 FS  .00",
        "category": "Cashier ",
        "extracted_text": "Cashier :\r\n09/08/14\r\nBLEND\r\nCHICKEN\r\nLN GRN\u00df B 20167400000\r\nPOR* LOIN CO 20337400000\r\n26841800000\r\nEYE RND FP 20148200000\r\nEYE RND FP 20148200000\r\nBEEF FOR STEW 20254300000\r\nPORK 1/2 LOIN 20323300000\r\nb/BEST S STEAK 4497921020\r\nBAR S YEAT FRtd 1590013401\r\n4470001903\r\nHAM\r\nWINCO NOODLES 7055280303\r\n29 .84\r\nINDRBRD CHIK BR 3737101318\r\nKRFT DELUXE MAC 2100065886\r\n2 C I.d2\r\n3800037435\r\nEGGO WAFFLE\r\n1/0 NUTTY BARS 2430004120\r\nLiD OATMEAL CRM 2430004101\r\nLINKS MILD\r\n74295503660\r\nKEEB TOWNHOUSE 3010010055\r\nTURKEY FRANK 4222281210\r\nRESERS POT SLD 7111719300\r\nDM SPAG SAUCE 2400052363\r\nHUNTS MANWICH 2700044212\r\n2B .82\r\nLVinCo\r\nanvil 'o. 75137\r\nstore \"0124\r\n121.92\r\n121.92\r\n5.4B Fs\r\n10.87 FS\r\n9.91 FS\r\n5.32 FS\r\n8.39 FS\r\n8.12 FS\r\n-88 Fs\r\na.ss Fs\r\n5.98 FS\r\n3.64 FS\r\n1.96 FS\r\n1.25 FS\r\n1.25 FS\r\n5.78 FS\r\n1.98 FS\r\n.88 FS\r\n.98 FS\r\n.71 FS\r\n1.64 FS\r\n0M PNAPL CHNKY 24000@Qi64.e.z..\u00df\u00fc-96--Es\r\n7763306333\r\nWINCO SNDWCH WT 7055200115\r\nWINCO HOMO MILK 7055240600\r\nEGGS\r\n7003837280\r\nSUBTOTAL\r\nTOTAL TAX\r\nTOTAL\r\n1.98 FS\r\n.91 FS\r\n2.48 FS\r\n1.37 FS\r\n.00\r\n",
        "error": null,
        "image_name": null,
        "rating": null
    },
    {
        "product_id": "/content/extracted_images/images/7.jpg",
        "title": "Unknown Title",
        "price": 1000.0,
        "description": "See back of receipt for your chance  to win $1000  11) if: 7L'2T9W,h425F  Walmart  Save money. Live better.  701 ) 223 - 3066  MANAGER TIM MORRIS  2711 ROCK ISLAND PL  BISMARCK ND 58504  01534 ()P\u00df 009048 48 04455  ASST 21  CUTIE CAR  EFI DEBIT  6 WING PLATE 020108810398  21.74  23.19  23.19  063099656595  063099656644  SUBTOTAL  TAXI 6.500 x  TAX 4 7.500 X  TOTAL  DEBIT TEND  CHANGE DIE  PAY FROM PRIMARY  3.98 P  4.88 x  12.88 x  1.15  0.30  0.00  10  23.19 TOTAL PIRCHASE  US DEBIT  xxxx 2696  REF # 731700494718  NETWORK ID. 0081 APPR CODE 936886  IJS DEBIT  AID A0000000980840  TC 58B77239DA5B3B44  SIGNATURE REQUIRED  TERMINAL # scoli090  11/13/17  # ITEMS SOLD 3  2188 7274 6444 1567 3762  Low Prices You Can Trust. Every Day.  11/13/17  12:34:11  Store receipts on your phone. Walmart P  ay.",
        "category": "See back of receipt for your chance  to win ",
        "extracted_text": "See back of receipt for your chance\r\nto win $1000\r\n11) if: 7L'2T9W,h425F\r\nWalmart\r\nSave money. Live better.\r\n701 ) 223 - 3066\r\nMANAGER TIM MORRIS\r\n2711 ROCK ISLAND PL\r\nBISMARCK ND 58504\r\n01534 ()P\u00df 009048 48 04455\r\nASST 21\r\nCUTIE CAR\r\nEFI DEBIT\r\n6 WING PLATE 020108810398\r\n21.74\r\n23.19\r\n23.19\r\n063099656595\r\n063099656644\r\nSUBTOTAL\r\nTAXI 6.500 x\r\nTAX 4 7.500 X\r\nTOTAL\r\nDEBIT TEND\r\nCHANGE DIE\r\nPAY FROM PRIMARY\r\n3.98 P\r\n4.88 x\r\n12.88 x\r\n1.15\r\n0.30\r\n0.00\r\n10\r\n23.19 TOTAL PIRCHASE\r\nUS DEBIT\r\nxxxx 2696\r\nREF # 731700494718\r\nNETWORK ID. 0081 APPR CODE 936886\r\nIJS DEBIT\r\nAID A0000000980840\r\nTC 58B77239DA5B3B44\r\nSIGNATURE REQUIRED\r\nTERMINAL # scoli090\r\n11/13/17\r\n# ITEMS SOLD 3\r\n2188 7274 6444 1567 3762\r\nLow Prices You Can Trust. Every Day.\r\n11/13/17\r\n12:34:11\r\nStore receipts on your phone. Walmart P\r\nay.\r\n",
        "error": null,
        "image_name": null,
        "rating": null
    },
    {
        "product_id": "/content/extracted_images/images/3.jpg",
        "title": "Unknown Title",
        "price": 1000.0,
        "description": "See back Of receipt For your chance  to $1000 ID t:7N5NIVIXCQDQ  Walmart  Hyr'UAHIE BROOKSHIRE  882 S, STATE ROAD 135  GREENUOOD IN 46143  ST' 05483 opt 001436 TEa 09 TRS 06976  TOTS 001312000026 F  HRRD/PROV/DC 007874219410 F  SNACK BARS F  HRI CL CHS 003120606000 F  HRI CL CHS 003120606000 F  VOIDED ENTRY  HRI CL CHS 003120606000 F  HRI 12 u SG 003120535000 F  HRI CL PEP 003120607000 F  ERRBUDS  068113100946  SC BCN 007874202906 F  RBF THINBRST 022461710972 F  HARD/PROV/DC 007874219410 F  APPLE 3 BAG 084747300184 F  STOK LT SET 004127102774 F  PEANUT 005160026499 F  RVO VERDE  061611206143 F  ROLLS  007874219415 F  BTS DRY BLON 501072452746  GALE  000000000003K  TR HS FRH4 002240062190  BRGELS  001376402801 F  GV SLIDERS 007874201626  ACCESSORY  007615161216  CHE-EZE IT  002410053523 F  uns 4.54 you SAVED 0.64  RITZ  004400088210 F  RUFFLES  002840020942 F  GV HNY GRYS 007874207253 F  SUBTOTRL  7.000 X  TOTAL  CASH TEND  CHRNGE DUE  ITEMS SOLD 26  2.96 0  2.68 0  4.98 T  6.88 0  6.88 0  5, 88-a  5.88 0  6.88 0  4.88 x  6.98 0  9.720  2.68 0  6.94 X  47 N  44 0  .98 N  .28  6.58 x  32.  2.74 x  4.56 0  2.98 x  0.97 x  4.000  2.78 N  2.50 N  1.28 N  139.\"  4, 68  02  150.02  6.00  TCt 0783 5080 4072 3416 2495 6  04/27/19  Scan with Walmart app to save reeelp\u00b1s",
        "category": "See back Of receipt For your chance  to ",
        "extracted_text": "See back Of receipt For your chance\r\nto $1000 ID t:7N5NIVIXCQDQ\r\nWalmart\r\nHyr'UAHIE BROOKSHIRE\r\n882 S, STATE ROAD 135\r\nGREENUOOD IN 46143\r\nST' 05483 opt 001436 TEa 09 TRS 06976\r\nTOTS 001312000026 F\r\nHRRD/PROV/DC 007874219410 F\r\nSNACK BARS F\r\nHRI CL CHS 003120606000 F\r\nHRI CL CHS 003120606000 F\r\nVOIDED ENTRY\r\nHRI CL CHS 003120606000 F\r\nHRI 12 u SG 003120535000 F\r\nHRI CL PEP 003120607000 F\r\nERRBUDS\r\n068113100946\r\nSC BCN 007874202906 F\r\nRBF THINBRST 022461710972 F\r\nHARD/PROV/DC 007874219410 F\r\nAPPLE 3 BAG 084747300184 F\r\nSTOK LT SET 004127102774 F\r\nPEANUT 005160026499 F\r\nRVO VERDE\r\n061611206143 F\r\nROLLS\r\n007874219415 F\r\nBTS DRY BLON 501072452746\r\nGALE\r\n000000000003K\r\nTR HS FRH4 002240062190\r\nBRGELS\r\n001376402801 F\r\nGV SLIDERS 007874201626\r\nACCESSORY\r\n007615161216\r\nCHE-EZE IT\r\n002410053523 F\r\nuns 4.54 you SAVED 0.64\r\nRITZ\r\n004400088210 F\r\nRUFFLES\r\n002840020942 F\r\nGV HNY GRYS 007874207253 F\r\nSUBTOTRL\r\n7.000 X\r\nTOTAL\r\nCASH TEND\r\nCHRNGE DUE\r\nITEMS SOLD 26\r\n2.96 0\r\n2.68 0\r\n4.98 T\r\n6.88 0\r\n6.88 0\r\n5, 88-a\r\n5.88 0\r\n6.88 0\r\n4.88 x\r\n6.98 0\r\n9.720\r\n2.68 0\r\n6.94 X\r\n47 N\r\n44 0\r\n.98 N\r\n.28\r\n6.58 x\r\n32.\r\n2.74 x\r\n4.56 0\r\n2.98 x\r\n0.97 x\r\n4.000\r\n2.78 N\r\n2.50 N\r\n1.28 N\r\n139.\"\r\n4, 68\r\n02\r\n150.02\r\n6.00\r\nTCt 0783 5080 4072 3416 2495 6\r\n04/27/19\r\nScan with Walmart app to save reeelp\u00b1s\r\n",
        "error": null,
        "image_name": null,
        "rating": null
    },
    {
        "product_id": "/content/extracted_images/images/11.jpg",
        "title": "Unknown Title",
        "price": 2.0,
        "description": "WHOLE  FOODS  SHARON RD.  PL TORTILLA\u2022s  CAGE FREE ALL UHIT  BLACK BEANS  Frozen 160  Whole Strauberries  OG LF COTTAGE CHEE  HRHI HAHI FILLETS  $2 off (1) uC Fill  Cal if ornia Harvest  6  2  2  .99  3.69  1.29  .99  .99 B  lb @ 1 99 / lb  PLUMS BLACK CV  TARE  ITEM  3.49 B  8.99 B  2.00-  2.69 B  .01  2.16 B  399 B  NHP  NHP  TAX  SLICED OVEN RO  SLICED HICKORY  99 / lb  GAL fi APPLES OG  . 93  BAL  389 B  01  TARE =  ITEM - 94136  45 . 44",
        "category": "WHOLE  FOODS  SHARON RD",
        "extracted_text": "WHOLE\r\nFOODS\r\nSHARON RD.\r\nPL TORTILLA\u2022s\r\nCAGE FREE ALL UHIT\r\nBLACK BEANS\r\nFrozen 160\r\nWhole Strauberries\r\nOG LF COTTAGE CHEE\r\nHRHI HAHI FILLETS\r\n$2 off (1) uC Fill\r\nCal if ornia Harvest\r\n6\r\n2\r\n2\r\n.99\r\n3.69\r\n1.29\r\n.99\r\n.99 B\r\nlb @ 1 99 / lb\r\nPLUMS BLACK CV\r\nTARE\r\nITEM\r\n3.49 B\r\n8.99 B\r\n2.00-\r\n2.69 B\r\n.01\r\n2.16 B\r\n399 B\r\nNHP\r\nNHP\r\nTAX\r\nSLICED OVEN RO\r\nSLICED HICKORY\r\n99 / lb\r\nGAL fi APPLES OG\r\n. 93\r\nBAL\r\n389 B\r\n01\r\nTARE =\r\nITEM - 94136\r\n45 . 44\r\n",
        "error": null,
        "image_name": null,
        "rating": null
    },
    {
        "product_id": "/content/extracted_images/images/10.jpg",
        "title": "CADBURY DAIRY Yl  GRAPES MIXED  TASTIC RICE  BLACK CAT SMOOTH  CARRIER BAG 241  BANANAS LOOSE  80GR  500GR  400G  IKG  375YL  vs  85GR  BOGR  TUB  SOOGR  270GR  I",
        "price": 0.0,
        "description": "S pAR O  Tel : 036-4481240  . bergsparutelkomsa .net  email  VAT No : 4450102696  REG NO: 032577  LAZENdY NORCESIER SAUCE 125ML  MILKY BAR  SMOKED VIFNNAS  PEALED PEACHES  MEDITERRANEAN MIX  SPAR COOKING OIL  F/L ENGLISH CUCUMB  NESTLE AERO  CADBURY DAIRY Yl  GRAPES MIXED  TASTIC RICE  BLACK CAT SMOOTH  CARRIER BAG 241  BANANAS LOOSE  80GR  500GR  400G  IKG  375YL  vs  85GR  BOGR  TUB  SOOGR  270GR  I'S  17KG  0.596kg g  15.99 R /kg  TOTAL FOR 14 ITEMS  TENDERED Nedbank  TAX INVOICE -  VAT rate  0.00%  15 .oox  excl .  119.48  190.16  TAX  0.00  28.52  16.99 A  33.99 A  82.99 A  44.99 *  14.99 *  12.99 *  20.99 A  16.99 A  24.99 *  11.  27  9.  338.16  338.16  incl.  119.48 *  218.68 A  SLIP / TILL / CASHIER / DATE / TIME  101  3780  005  23.02.21 16:17  CASHIER NAME: SWAZI  Please Retain Slip  Thank You For Shopping With Us!  Fol us on Facebook: -spar Bergville",
        "category": "S pAR O  Tel ",
        "extracted_text": "S pAR O\r\nTel : 036-4481240\r\n. bergsparutelkomsa .net\r\nemail\r\nVAT No : 4450102696\r\nREG NO: 032577\r\nLAZENdY NORCESIER SAUCE 125ML\r\nMILKY BAR\r\nSMOKED VIFNNAS\r\nPEALED PEACHES\r\nMEDITERRANEAN MIX\r\nSPAR COOKING OIL\r\nF/L ENGLISH CUCUMB\r\nNESTLE AERO\r\nCADBURY DAIRY Yl\r\nGRAPES MIXED\r\nTASTIC RICE\r\nBLACK CAT SMOOTH\r\nCARRIER BAG 241\r\nBANANAS LOOSE\r\n80GR\r\n500GR\r\n400G\r\nIKG\r\n375YL\r\nvs\r\n85GR\r\nBOGR\r\nTUB\r\nSOOGR\r\n270GR\r\nI'S\r\n17KG\r\n0.596kg g\r\n15.99 R /kg\r\nTOTAL FOR 14 ITEMS\r\nTENDERED Nedbank\r\nTAX INVOICE -\r\nVAT rate\r\n0.00%\r\n15 .oox\r\nexcl .\r\n119.48\r\n190.16\r\nTAX\r\n0.00\r\n28.52\r\n16.99 A\r\n33.99 A\r\n82.99 A\r\n44.99 *\r\n14.99 *\r\n12.99 *\r\n20.99 A\r\n16.99 A\r\n24.99 *\r\n11.\r\n27\r\n9.\r\n338.16\r\n338.16\r\nincl.\r\n119.48 *\r\n218.68 A\r\nSLIP / TILL / CASHIER / DATE / TIME\r\n101\r\n3780\r\n005\r\n23.02.21 16:17\r\nCASHIER NAME: SWAZI\r\nPlease Retain Slip\r\nThank You For Shopping With Us!\r\nFol us on Facebook: -spar Bergville\r\n",
        "error": null,
        "image_name": null,
        "rating": null
    },
    {
        "product_id": "/content/extracted_images/images/5.jpg",
        "title": "Unknown Title",
        "price": 0.0,
        "description": "No text found.",
        "category": "No text found",
        "extracted_text": "No text found.",
        "error": null,
        "image_name": null,
        "rating": null
    },
    {
        "product_id": "/content/extracted_images/images/4.jpg",
        "title": "Unknown Title",
        "price": 0.0,
        "description": "Walmart  Save money. Live better.  c 712 ) 366 - 3326  NANRGER DONALD MONEYMAKER  3201 CENTRE OR  COUNCIL BLUFFS IA SISOI  ST' 01966 opt 002031 TES 20 TR' 06145  su no FGHTR 063060940732  6.94 T  SUBTOTAL  6.94  TMI 7.000 x  EFT DEBIT  PAY FROH PRIHRRY  7.43 TOTAL PURCHASE  RCCmNT  REF 634200381766  NETUORK ID. 0056 PPR CODE 087193  TERMINAL  12/08/15  # ITEMS SOLD 1  3261 4114 0323 3051 6498  NE' STORE HOURS  6\" to 7 \u2022 seek.  12/08/16  Savin\" Catct\u2022rl Scan \"ith",
        "category": "Walmart  Save money",
        "extracted_text": "Walmart\r\nSave money. Live better.\r\nc 712 ) 366 - 3326\r\nNANRGER DONALD MONEYMAKER\r\n3201 CENTRE OR\r\nCOUNCIL BLUFFS IA SISOI\r\nST' 01966 opt 002031 TES 20 TR' 06145\r\nsu no FGHTR 063060940732\r\n6.94 T\r\nSUBTOTAL\r\n6.94\r\nTMI 7.000 x\r\nEFT DEBIT\r\nPAY FROH PRIHRRY\r\n7.43 TOTAL PURCHASE\r\nRCCmNT\r\nREF 634200381766\r\nNETUORK ID. 0056 PPR CODE 087193\r\nTERMINAL\r\n12/08/15\r\n# ITEMS SOLD 1\r\n3261 4114 0323 3051 6498\r\nNE' STORE HOURS\r\n6\" to 7 \u2022 seek.\r\n12/08/16\r\nSavin\" Catct\u2022rl Scan \"ith\r\n",
        "error": null,
        "image_name": null,
        "rating": null
    },
    {
        "product_id": "/content/extracted_images/images/6.JPG",
        "title": "Unknown Title",
        "price": 0.0,
        "description": "MOMI & TOY'S  C R \u00c9PERIE  Li PPO Mall Kemang, L  Kemang VI No- 6  momi an toys\u2014i nd ( i nst  @ i ndmomi (twi tter)  Check : 3850  Pax:l  OP : Gunawan  Gunawan  POS Title: Cashier  1 Woman  2 Ham Cheese  1 Ice Java Tea  1 Mineral Water  1 Black & White  SUBTOTAL  TOTAL  CASH  Change  26/01/2015 16: 13  74, 000  16, ooo  13, ooo  72, ooo  175, ooo  175, ooo  200, ooo  25, ooo  Closed Bill  26/01/2015 16: 14----------->  Thank you for tasting  our \"Meltingly Crepe\"",
        "category": "MOMI ",
        "extracted_text": "MOMI & TOY'S\r\nC R \u00c9PERIE\r\nLi PPO Mall Kemang, L\r\nKemang VI No- 6\r\nmomi an toys\u2014i nd ( i nst\r\n@ i ndmomi (twi tter)\r\nCheck : 3850\r\nPax:l\r\nOP : Gunawan\r\nGunawan\r\nPOS Title: Cashier\r\n1 Woman\r\n2 Ham Cheese\r\n1 Ice Java Tea\r\n1 Mineral Water\r\n1 Black & White\r\nSUBTOTAL\r\nTOTAL\r\nCASH\r\nChange\r\n26/01/2015 16: 13\r\n74, 000\r\n16, ooo\r\n13, ooo\r\n72, ooo\r\n175, ooo\r\n175, ooo\r\n200, ooo\r\n25, ooo\r\nClosed Bill\r\n26/01/2015 16: 14----------->\r\nThank you for tasting\r\nour \"Meltingly Crepe\"\r\n",
        "error": null,
        "image_name": null,
        "rating": null
    },
    {
        "product_id": "/content/extracted_images/images/16.jpg",
        "title": "Unknown Title",
        "price": 1000.0,
        "description": "See back of receipt for your chance  to win $1000  11) if: 7L'2T9W,h425F  Walmart  Save money. Live better.  701 ) 223 - 3066  MANAGER TIM MORRIS  2711 ROCK ISLAND PL  BISMARCK ND 58504  01534 ()P\u00df 009048 48 04455  ASST 21  CUTIE CAR  EFI DEBIT  6 WING PLATE 020108810398  21.74  23.19  23.19  063099656595  063099656644  SUBTOTAL  TAXI 6.500 x  TAX 4 7.500 X  TOTAL  DEBIT TEND  CHANGE DIE  PAY FROM PRIMARY  3.98 P  4.88 x  12.88 x  1.15  0.30  0.00  10  23.19 TOTAL PIRCHASE  US DEBIT  xxxx 2696  REF # 731700494718  NETWORK ID. 0081 APPR CODE 936886  IJS DEBIT  AID A0000000980840  TC 58B77239DA5B3B44  SIGNATURE REQUIRED  TERMINAL # scoli090  11/13/17  # ITEMS SOLD 3  2188 7274 6444 1567 3762  Low Prices You Can Trust. Every Day.  11/13/17  12:34:11  Store receipts on your phone. Walmart P  ay.",
        "category": "See back of receipt for your chance  to win ",
        "extracted_text": "See back of receipt for your chance\r\nto win $1000\r\n11) if: 7L'2T9W,h425F\r\nWalmart\r\nSave money. Live better.\r\n701 ) 223 - 3066\r\nMANAGER TIM MORRIS\r\n2711 ROCK ISLAND PL\r\nBISMARCK ND 58504\r\n01534 ()P\u00df 009048 48 04455\r\nASST 21\r\nCUTIE CAR\r\nEFI DEBIT\r\n6 WING PLATE 020108810398\r\n21.74\r\n23.19\r\n23.19\r\n063099656595\r\n063099656644\r\nSUBTOTAL\r\nTAXI 6.500 x\r\nTAX 4 7.500 X\r\nTOTAL\r\nDEBIT TEND\r\nCHANGE DIE\r\nPAY FROM PRIMARY\r\n3.98 P\r\n4.88 x\r\n12.88 x\r\n1.15\r\n0.30\r\n0.00\r\n10\r\n23.19 TOTAL PIRCHASE\r\nUS DEBIT\r\nxxxx 2696\r\nREF # 731700494718\r\nNETWORK ID. 0081 APPR CODE 936886\r\nIJS DEBIT\r\nAID A0000000980840\r\nTC 58B77239DA5B3B44\r\nSIGNATURE REQUIRED\r\nTERMINAL # scoli090\r\n11/13/17\r\n# ITEMS SOLD 3\r\n2188 7274 6444 1567 3762\r\nLow Prices You Can Trust. Every Day.\r\n11/13/17\r\n12:34:11\r\nStore receipts on your phone. Walmart P\r\nay.\r\n",
        "error": null,
        "image_name": null,
        "rating": null
    },
    {
        "product_id": "/content/extracted_images/images/19.jpg",
        "title": "Unknown Title",
        "price": 0.0,
        "description": "Give us feecmack SW vey\u2022walmtrt.com  Thank ID  Walmart  863-676-9425 Mfr:EIRIEL  20 STATE ROAD 60 E  LAKE WALES FL 33898  00859 009026 26 02422  \u2022Q  GRILL cova 471288396027  FIBER CHOICE 036926600094  CELERY HEART 003338365301 F  RED GRAPE 0000004023KF  2.51 lb g 11b /1.44  TOTAL  TAX 1 .OOO X  TOTAL  SHOPPING cm  CHAt\u00c6 DIE  14.97 x  12.94 N  2.48 N  3.61 N  34.00  1.05  35.05  35.05  0.00  SHOP.CARD REDEMPTI(N  35.05  Beg Bal  157.29  Tran Amt End Bal  35.05  122.24  # ITEMS SO 4  6949 6652 6669 8007 1705  Low Prices You Trust. Every Day.  10/16/21",
        "category": "Give us feecmack SW vey",
        "extracted_text": "Give us feecmack SW vey\u2022walmtrt.com\r\nThank ID\r\nWalmart\r\n863-676-9425 Mfr:EIRIEL\r\n20 STATE ROAD 60 E\r\nLAKE WALES FL 33898\r\n00859 009026 26 02422\r\n\u2022Q\r\nGRILL cova 471288396027\r\nFIBER CHOICE 036926600094\r\nCELERY HEART 003338365301 F\r\nRED GRAPE 0000004023KF\r\n2.51 lb g 11b /1.44\r\nTOTAL\r\nTAX 1 .OOO X\r\nTOTAL\r\nSHOPPING cm\r\nCHAt\u00c6 DIE\r\n14.97 x\r\n12.94 N\r\n2.48 N\r\n3.61 N\r\n34.00\r\n1.05\r\n35.05\r\n35.05\r\n0.00\r\nSHOP.CARD REDEMPTI(N\r\n35.05\r\nBeg Bal\r\n157.29\r\nTran Amt End Bal\r\n35.05\r\n122.24\r\n# ITEMS SO 4\r\n6949 6652 6669 8007 1705\r\nLow Prices You Trust. Every Day.\r\n10/16/21\r\n",
        "error": null,
        "image_name": null,
        "rating": null
    },
    {
        "product_id": "/content/extracted_images/images/15.jpg",
        "title": "Unknown Title",
        "price": 1000.0,
        "description": "See back of receipt for your chance  $1000  7JYY2Juc:K3Y  Walmart  Save mon . Live better.  71 ) 799\u2014 0020  HANRGER YVONNE THOMAS  13331 BERCH BLVD  UESTh1NSTER ca 92683  ST' 02495 opt 006969 79 01626  12.58 N  DIABETES 068113131172H  12.68  SUBTOTRL  12.68  TOTRL  - 12.68  VISA TEND  APPROVAL t 222235  REF 620500604401  TRANS ID - 586205139884060  VALIDATION - 7SLK  PAYMENT SERVICE - E  RID R0000000031010  TC 9EOFRC9R809EED92  TERHINRL  ENO SIGNRTURE REQUIRED  07/22/16  0.00  CHANGE DUE  # ITEMS SOLD 1  7603 0129 1089 7649 4115  Lou Prices You Can Trust. Evers Day,  07/22/16  \"ECUSTOHER  Ings Catcher! Scan with Uelmart app",
        "category": "See back of receipt for your chance  ",
        "extracted_text": "See back of receipt for your chance\r\n$1000\r\n7JYY2Juc:K3Y\r\nWalmart\r\nSave mon . Live better.\r\n71 ) 799\u2014 0020\r\nHANRGER YVONNE THOMAS\r\n13331 BERCH BLVD\r\nUESTh1NSTER ca 92683\r\nST' 02495 opt 006969 79 01626\r\n12.58 N\r\nDIABETES 068113131172H\r\n12.68\r\nSUBTOTRL\r\n12.68\r\nTOTRL\r\n- 12.68\r\nVISA TEND\r\nAPPROVAL t 222235\r\nREF 620500604401\r\nTRANS ID - 586205139884060\r\nVALIDATION - 7SLK\r\nPAYMENT SERVICE - E\r\nRID R0000000031010\r\nTC 9EOFRC9R809EED92\r\nTERHINRL\r\nENO SIGNRTURE REQUIRED\r\n07/22/16\r\n0.00\r\nCHANGE DUE\r\n# ITEMS SOLD 1\r\n7603 0129 1089 7649 4115\r\nLou Prices You Can Trust. Evers Day,\r\n07/22/16\r\n\"ECUSTOHER\r\nIngs Catcher! Scan with Uelmart app\r\n",
        "error": null,
        "image_name": null,
        "rating": null
    },
    {
        "product_id": "/content/extracted_images/images/14.jpg",
        "title": "Unknown Title",
        "price": 0.0,
        "description": "No text found.",
        "category": "No text found",
        "extracted_text": "No text found.",
        "error": null,
        "image_name": null,
        "rating": null
    },
    {
        "product_id": "/content/extracted_images/images/18.jpg",
        "title": "Unknown Title",
        "price": 0.0,
        "description": "Walmart  \u20220152  SS GARDENS VO  HAVIN Fl  009036 06 05386  0018/4206203 F  GRIAI 00/8/4206203 F  GAIN [ [E 00370007/00/  CV on 00/8/4221000 F  SNICKER FS  000000050533 F  GOBiQ 6Pk 0031100029305 F  MIXED CEK)C F  CIIERRIES F  GAIN  003100082365  HY PM 035497333521H  BATIERIFS  001280051/83  GV 20? MINK 007874219999  CRNBRY SAUCE 003120001605 F  SPREADS  002740026499 F  EGGS 6C1  007d74212709 F  SLBTOI m.  TO[AL  DEBIT TEND  CHANGE  0.98 N  0.9B N  2.84 N  2.84 N  6.97 x  4.94  7.82 N  3.7B X  4.76 x  13.24 x  1.78K  1.97 x  9.97 N  10.97 x  2.97 x  1.5B O  3.460  0.900  82.75  3.60  86.35  86.35  0.00  DE\u00df11  PAY FROM PRIMARY  86.35 IOIAL PURCHASE  REY 13040072587/  NEIWORK ID. 0076 APPR CODE 001740  US Debi t  Alb  AAC  ICRMINAI_ scoll 151  10/31 /21  # SOLD 16  1623 3938 0953 7373  very Day.  low You Can rust  10/31/21",
        "category": "Walmart  ",
        "extracted_text": "Walmart\r\n\u20220152\r\nSS GARDENS VO\r\nHAVIN Fl\r\n009036 06 05386\r\n0018/4206203 F\r\nGRIAI 00/8/4206203 F\r\nGAIN [ [E 00370007/00/\r\nCV on 00/8/4221000 F\r\nSNICKER FS\r\n000000050533 F\r\nGOBiQ 6Pk 0031100029305 F\r\nMIXED CEK)C F\r\nCIIERRIES F\r\nGAIN\r\n003100082365\r\nHY PM 035497333521H\r\nBATIERIFS\r\n001280051/83\r\nGV 20? MINK 007874219999\r\nCRNBRY SAUCE 003120001605 F\r\nSPREADS\r\n002740026499 F\r\nEGGS 6C1\r\n007d74212709 F\r\nSLBTOI m.\r\nTO[AL\r\nDEBIT TEND\r\nCHANGE\r\n0.98 N\r\n0.9B N\r\n2.84 N\r\n2.84 N\r\n6.97 x\r\n4.94\r\n7.82 N\r\n3.7B X\r\n4.76 x\r\n13.24 x\r\n1.78K\r\n1.97 x\r\n9.97 N\r\n10.97 x\r\n2.97 x\r\n1.5B O\r\n3.460\r\n0.900\r\n82.75\r\n3.60\r\n86.35\r\n86.35\r\n0.00\r\nDE\u00df11\r\nPAY FROM PRIMARY\r\n86.35 IOIAL PURCHASE\r\nREY 13040072587/\r\nNEIWORK ID. 0076 APPR CODE 001740\r\nUS Debi t\r\nAlb\r\nAAC\r\nICRMINAI_ scoll 151\r\n10/31 /21\r\n# SOLD 16\r\n1623 3938 0953 7373\r\nvery Day.\r\nlow You Can rust\r\n10/31/21\r\n",
        "error": null,
        "image_name": null,
        "rating": null
    },
    {
        "product_id": "/content/extracted_images/images/12.jpg",
        "title": "Unknown Title",
        "price": 0.0,
        "description": "065356920144  Su FIGURES  TOOTHBRUSH 003500055500  SUBTOTAL  UOMEN SLIPPE 009725614790  SUBTOTAL  3.toox  TAX 1  TRX3 4.350 X  TOTAL  HCRRD TEND  ACCOUNT #3546  APPROVAL '007190  TRANS ID -  VALIDATION -  PAYMENT SERVICE -  CHRNGE DUE  WAL*MART  Save money. Live better.  WE SELL FOR LESS  RLWAYS  MANAGER DAPHNE SESSION  636 ) 536 - 4601  CHESTERFIELD, HO 63005  2600 opt 00001 8SS TES 17 TRt 03359  17 .  18.7S  18.75  6.63 x  0.96 x  7.59  9.86 x  0176  0.00  # ITEMS SOLD 3  TCt 9489 7094 6487 3073 3651  Wel-M\u2022rt exclusive Eagles CD  \u2022velleble October 30th!  10/20/07  \"INCUSTOMER",
        "category": "Unknown",
        "extracted_text": "065356920144\r\nSu FIGURES\r\nTOOTHBRUSH 003500055500\r\nSUBTOTAL\r\nUOMEN SLIPPE 009725614790\r\nSUBTOTAL\r\n3.toox\r\nTAX 1\r\nTRX3 4.350 X\r\nTOTAL\r\nHCRRD TEND\r\nACCOUNT #3546\r\nAPPROVAL '007190\r\nTRANS ID -\r\nVALIDATION -\r\nPAYMENT SERVICE -\r\nCHRNGE DUE\r\nWAL*MART\r\nSave money. Live better.\r\nWE SELL FOR LESS\r\nRLWAYS\r\nMANAGER DAPHNE SESSION\r\n636 ) 536 - 4601\r\nCHESTERFIELD, HO 63005\r\n2600 opt 00001 8SS TES 17 TRt 03359\r\n17 .\r\n18.7S\r\n18.75\r\n6.63 x\r\n0.96 x\r\n7.59\r\n9.86 x\r\n0176\r\n0.00\r\n# ITEMS SOLD 3\r\nTCt 9489 7094 6487 3073 3651\r\nWel-M\u2022rt exclusive Eagles CD\r\n\u2022velleble October 30th!\r\n10/20/07\r\n\"INCUSTOMER\r\n",
        "error": null,
        "image_name": null,
        "rating": null
    },
    {
        "product_id": "/content/extracted_images/images/1.jpg",
        "title": "Unknown Title",
        "price": 38.68,
        "description": "TRADER JOE'S  2001 Greenville Ave  Dallas TX 75206  Store #403 - (469) 334-0614  OPEN 8:00AM TO 9:OOPM DAILY  R-CARROTS SHREDDED 10 OZ  R-CUCIJMBERS PERSIAN 1 LB  TOMATOES CRUSHED NO SALT  TOMATOES WHOLE NO SALT W/BASIL  ORGANIC OLD FASHIONED OATMEAL  MINI-PEARL TOMATOES.  PKG SHREDDED MOZZAREL'LA LITE T  EGGS DOI ORGANIC BROWN.  BEANS GARBANZO  SPROUTED CA STYLE  A-AVOCADOS HASS BAG 4CT  A-APPLE BAG JAZZ 2 LB  A-PEPPER BELL EACH XL RED  GROCERY NON TAXABLE  200.49  BANANAS ORGANIC  3EA  0.29/\"  CREAMY SALTED PEANUT BUTTER  WHL WHI PITA BREAD  GROCERY NON TAXABLE  2 0.69  SUBTOTAL  TOTAL  CASH  CHANGE  1.29  1.99  I .59  1.59  2.69  2.49  3.99  3.79  0.89  2.99  3.99  2.99  0.99  0.98  0.87  2.49  1.69  1.38  $38.68  $38.68  $40.00  $1.32  Hig ins, Ryan  06-28-2014 12:34PM 0403 04 134! 4683  THANK YOU FOR SHOPPING AT  TRADER JOE'S  www.traderjoes.com",
        "category": "TRADER JOE",
        "extracted_text": "TRADER JOE'S\r\n2001 Greenville Ave\r\nDallas TX 75206\r\nStore #403 - (469) 334-0614\r\nOPEN 8:00AM TO 9:OOPM DAILY\r\nR-CARROTS SHREDDED 10 OZ\r\nR-CUCIJMBERS PERSIAN 1 LB\r\nTOMATOES CRUSHED NO SALT\r\nTOMATOES WHOLE NO SALT W/BASIL\r\nORGANIC OLD FASHIONED OATMEAL\r\nMINI-PEARL TOMATOES.\r\nPKG SHREDDED MOZZAREL'LA LITE T\r\nEGGS DOI ORGANIC BROWN.\r\nBEANS GARBANZO\r\nSPROUTED CA STYLE\r\nA-AVOCADOS HASS BAG 4CT\r\nA-APPLE BAG JAZZ 2 LB\r\nA-PEPPER BELL EACH XL RED\r\nGROCERY NON TAXABLE\r\n200.49\r\nBANANAS ORGANIC\r\n3EA\r\n0.29/\"\r\nCREAMY SALTED PEANUT BUTTER\r\nWHL WHI PITA BREAD\r\nGROCERY NON TAXABLE\r\n2 0.69\r\nSUBTOTAL\r\nTOTAL\r\nCASH\r\nCHANGE\r\n1.29\r\n1.99\r\nI .59\r\n1.59\r\n2.69\r\n2.49\r\n3.99\r\n3.79\r\n0.89\r\n2.99\r\n3.99\r\n2.99\r\n0.99\r\n0.98\r\n0.87\r\n2.49\r\n1.69\r\n1.38\r\n$38.68\r\n$38.68\r\n$40.00\r\n$1.32\r\nHig ins, Ryan\r\n06-28-2014 12:34PM 0403 04 134! 4683\r\nTHANK YOU FOR SHOPPING AT\r\nTRADER JOE'S\r\nwww.traderjoes.com\r\n",
        "error": null,
        "image_name": null,
        "rating": null
    },
    {
        "product_id": "/content/extracted_images/images/17.jpg",
        "title": "Unknown Title",
        "price": 1000.0,
        "description": "-BANANAS  000000004011 KI  1.75 lb e 1 1b  003120002133 F  BEVERRGE  OS CRRN POH 003120027015 F  STRUBRY CC 076471782200 F  CfiHPRR1 TOH 073447501213 1  KFT SINGLES 002100061526 F  \"500982114 004450098211 F  HARD SALAHI 020533960343 F  0000000040461<1  AVOCADO  RT I FOR  0.44  068113113619 F  00741 7024836  See back of receipt for your chance  to \"In $1000  10  7kZGF1 SL2FF  Walmart  Save money. Live better.  970 ) 259 - 8755  MANAGER MIKE NE-IDLINGER  1166 S CRHINO DEL RIO  DURANGO CO 81303  sra 02270 000144 TEB 02 03080  HRND CLERNER 0041251 OOOOS  INJECTR CLNR 00498071 0003  36 3S  38.68  PILLS \"HITE  SH NYLON COL  TAX 1  TRX 2  TRX 5  TCt 3041  SUBTOTAL  7.900 x  6.000 x  2.900 x  TOTRL  CASH TEND  CHANGE DUE  2.00 R  00 R  2.  o.  96 Y  2.98 R  3.  3.  1.76 R  2.97 x  8.87 x  1.07  1.14  0.12  40.68  2.00  ITEMS SOLD 16  7466 0669 7962 272  01/15/17",
        "category": "Unknown",
        "extracted_text": "-BANANAS\r\n000000004011 KI\r\n1.75 lb e 1 1b\r\n003120002133 F\r\nBEVERRGE\r\nOS CRRN POH 003120027015 F\r\nSTRUBRY CC 076471782200 F\r\nCfiHPRR1 TOH 073447501213 1\r\nKFT SINGLES 002100061526 F\r\n\"500982114 004450098211 F\r\nHARD SALAHI 020533960343 F\r\n0000000040461<1\r\nAVOCADO\r\nRT I FOR\r\n0.44\r\n068113113619 F\r\n00741 7024836\r\nSee back of receipt for your chance\r\nto \"In $1000\r\n10\r\n7kZGF1 SL2FF\r\nWalmart\r\nSave money. Live better.\r\n970 ) 259 - 8755\r\nMANAGER MIKE NE-IDLINGER\r\n1166 S CRHINO DEL RIO\r\nDURANGO CO 81303\r\nsra 02270 000144 TEB 02 03080\r\nHRND CLERNER 0041251 OOOOS\r\nINJECTR CLNR 00498071 0003\r\n36 3S\r\n38.68\r\nPILLS \"HITE\r\nSH NYLON COL\r\nTAX 1\r\nTRX 2\r\nTRX 5\r\nTCt 3041\r\nSUBTOTAL\r\n7.900 x\r\n6.000 x\r\n2.900 x\r\nTOTRL\r\nCASH TEND\r\nCHANGE DUE\r\n2.00 R\r\n00 R\r\n2.\r\no.\r\n96 Y\r\n2.98 R\r\n3.\r\n3.\r\n1.76 R\r\n2.97 x\r\n8.87 x\r\n1.07\r\n1.14\r\n0.12\r\n40.68\r\n2.00\r\nITEMS SOLD 16\r\n7466 0669 7962 272\r\n01/15/17\r\n",
        "error": null,
        "image_name": null,
        "rating": null
    },
    {
        "product_id": "/content/extracted_images/images/8.jpg",
        "title": "Unknown Title",
        "price": 0.0,
        "description": "16375 N. washington St.  Thornton, CO 80023  E  E  E  E  E  E  E  E  85.61  3.52  89.13  2X Member 111826278335  673919 FF BS BREAST  633561  KS DICED TOM  967596 JACKORGSALSA  3 e 4 29  878137 18CT EGGS  77053 GRAPE TOMATO  404609 ECO HALF PAN  55992 GRND TURKEY  263423 CHPD ONION  22101  MONT JACK 2t  SUBTOTAL  TAX  TOTAL  Check/Member Prntd  CHANGE  R 8.50% TAX  E 3.75% TRX  TOTAL TAX  TOTAL NUMBER OF ITEMS SOLD -  23.99 E  6.49 E  2.97 E  12.87 E  6.29 E  6.49 fi  18.47 E  3.59 E  4.45 E  0.00  2.97  3.52  11  15:00 629 4 172 14  opt: 14 Name: PEPPER  Thank You !  Please Come fi9ain  Trm:f Trn:172 op:14",
        "category": "Unknown",
        "extracted_text": "16375 N. washington St.\r\nThornton, CO 80023\r\nE\r\nE\r\nE\r\nE\r\nE\r\nE\r\nE\r\nE\r\n85.61\r\n3.52\r\n89.13\r\n2X Member 111826278335\r\n673919 FF BS BREAST\r\n633561\r\nKS DICED TOM\r\n967596 JACKORGSALSA\r\n3 e 4 29\r\n878137 18CT EGGS\r\n77053 GRAPE TOMATO\r\n404609 ECO HALF PAN\r\n55992 GRND TURKEY\r\n263423 CHPD ONION\r\n22101\r\nMONT JACK 2t\r\nSUBTOTAL\r\nTAX\r\nTOTAL\r\nCheck/Member Prntd\r\nCHANGE\r\nR 8.50% TAX\r\nE 3.75% TRX\r\nTOTAL TAX\r\nTOTAL NUMBER OF ITEMS SOLD -\r\n23.99 E\r\n6.49 E\r\n2.97 E\r\n12.87 E\r\n6.29 E\r\n6.49 fi\r\n18.47 E\r\n3.59 E\r\n4.45 E\r\n0.00\r\n2.97\r\n3.52\r\n11\r\n15:00 629 4 172 14\r\nopt: 14 Name: PEPPER\r\nThank You !\r\nPlease Come fi9ain\r\nTrm:f Trn:172 op:14\r\n",
        "error": null,
        "image_name": null,
        "rating": null
    },
    {
        "product_id": "/content/extracted_images/images/13.jpg",
        "title": "Unknown Title",
        "price": 0.0,
        "description": "Walmart  Save money. Live better.  - 0:'62  HICHALI  1171/  Call i  suop.(.'AHli ACIIVAIION  API'R. COW -  REY  Beg 1301  0.00  Ani  023)/  50,011 0  60.00  50.00  end Bal  1992  Prices.  oa Voor",
        "category": "Walmart  Save money",
        "extracted_text": "Walmart\r\nSave money. Live better.\r\n- 0:'62\r\nHICHALI\r\n1171/\r\nCall i\r\nsuop.(.'AHli ACIIVAIION\r\nAPI'R. COW -\r\nREY\r\nBeg 1301\r\n0.00\r\nAni\r\n023)/\r\n50,011 0\r\n60.00\r\n50.00\r\nend Bal\r\n1992\r\nPrices.\r\noa Voor\r\n",
        "error": null,
        "image_name": null,
        "rating": null
    },
    {
        "product_id": "/content/extracted_images/images/2.jpg",
        "title": "Unknown Title",
        "price": 0.0,
        "description": "Give us feedback g survey.walmart.com  Tha\u2022-k you! ID  Walmart  949-498-6669 Mw\u2022.MICHAEL  951 AVENIDA PICO  SAN CLEWNTE CA 92673  02527 009045 45 TRY 06193  GV OAT'\u00b1AL 007874243408 F  OT 2002 081236803115  M ATHLETICS 019104561781  DEXAS 15X20 008429710921  SUBTOTAL  TAXI 7.750 X  TOTAL  DEBIT TE-'O  CHANGE DUE  1.760  6.74 x  24.97 x  12.97 x  46.44  3.46  49.90  49.90  0.00  EFT DEBIT  PAY FROM PRIMARY  49.90 TOTAL PURCHASE  US DEBIT  REF # 029200639128  NETWORK ID. 0056 APPR CODE 461500  US DEBIT  AID A00000009B0840  AAC 7756F4EB82B54EED  TERMINAL # scoli004  10/18/20  # ITEMS SOLD 4  2400 4776 4305 8847 1471  Introducing Walmart+  Join today al walmerl.com/plus  Low Prices You Can Trust- Every Day.  10/18/20 11",
        "category": "Give us feedback g survey",
        "extracted_text": "Give us feedback g survey.walmart.com\r\nTha\u2022-k you! ID\r\nWalmart\r\n949-498-6669 Mw\u2022.MICHAEL\r\n951 AVENIDA PICO\r\nSAN CLEWNTE CA 92673\r\n02527 009045 45 TRY 06193\r\nGV OAT'\u00b1AL 007874243408 F\r\nOT 2002 081236803115\r\nM ATHLETICS 019104561781\r\nDEXAS 15X20 008429710921\r\nSUBTOTAL\r\nTAXI 7.750 X\r\nTOTAL\r\nDEBIT TE-'O\r\nCHANGE DUE\r\n1.760\r\n6.74 x\r\n24.97 x\r\n12.97 x\r\n46.44\r\n3.46\r\n49.90\r\n49.90\r\n0.00\r\nEFT DEBIT\r\nPAY FROM PRIMARY\r\n49.90 TOTAL PURCHASE\r\nUS DEBIT\r\nREF # 029200639128\r\nNETWORK ID. 0056 APPR CODE 461500\r\nUS DEBIT\r\nAID A00000009B0840\r\nAAC 7756F4EB82B54EED\r\nTERMINAL # scoli004\r\n10/18/20\r\n# ITEMS SOLD 4\r\n2400 4776 4305 8847 1471\r\nIntroducing Walmart+\r\nJoin today al walmerl.com/plus\r\nLow Prices You Can Trust- Every Day.\r\n10/18/20 11\r\n",
        "error": null,
        "image_name": null,
        "rating": null
    },
    {
        "product_id": "/content/extracted_images/images/0.jpg",
        "title": "Unknown Title",
        "price": 0.0,
        "description": "",
        "category": "Unknown",
        "extracted_text": "",
        "error": null,
        "image_name": null,
        "rating": null
    }
]